category,exercise,name
BANDED_EXERCISES,AB_TWIST,Banded Ab Twist
BANDED_EXERCISES,BACK_EXTENSION,Banded Back Extension
BANDED_EXERCISES,BANDED_EXERCISES,Banded Exercises
BANDED_EXERCISES,BICYCLE_CRUNCH,Banded Bicycle Crunch
BANDED_EXERCISES,CALF_RAISES,Banded Calf Raises
BANDED_EXERCISES,CLAM_SHELLS,Banded Clam Shells
BANDED_EXERCISES,CURL,Banded Curl
BANDED_EXERCISES,DEADBUG,Banded Deadbug
BANDED_EXERCISES,DEADLIFT,Banded Deadlift
BANDED_EXERCISES,DONKEY_KICK,Banded Donkey Kick
BANDED_EXERCISES,EXTERNAL_ROTATION,Banded External Rotation
BANDED_EXERCISES,EXTERNAL_ROTATION_AT_90_DEGREE_ABDUCTION,Banded External Rotation at 90-Degree Abduction
BANDED_EXERCISES,FIRE_HYDRANT,Banded Fire Hydrant
BANDED_EXERCISES,FLY,Banded Fly
BANDED_EXERCISES,FRONT_RAISE,Banded Front Raise
BANDED_EXERCISES,GLUTE_BRIDGE,Banded Glute Bridge
BANDED_EXERCISES,HAMSTRING_CURLS,Banded Hamstring Curls
BANDED_EXERCISES,HIGH_PLANK_LEG_LIFTS,Banded High Plank Leg Lifts
BANDED_EXERCISES,HIP_EXTENSION,Banded Hip Extension
BANDED_EXERCISES,INTERNAL_ROTATION,Banded Internal Rotation
BANDED_EXERCISES,JUMPING_JACK,Banded Jumping Jack
BANDED_EXERCISES,KNEELING_CRUNCH,Banded Kneeling Crunch
BANDED_EXERCISES,LATERAL_BAND_WALKS,Banded Lateral Band Walks
BANDED_EXERCISES,LATERAL_RAISE,Banded Lateral Raise
BANDED_EXERCISES,LATPULL,Banded Latpull
BANDED_EXERCISES,LEG_ABDUCTION,Banded Leg Abduction
BANDED_EXERCISES,LEG_ADDUCTION,Banded Leg Adduction
BANDED_EXERCISES,LEG_EXTENSION,Banded Leg Extension
BANDED_EXERCISES,LUNGE,Banded Lunge
BANDED_EXERCISES,PLANK,Banded Plank
BANDED_EXERCISES,PULL_APART,Banded Pull Apart
BANDED_EXERCISES,PUSH_UPS,Banded Push-ups
BANDED_EXERCISES,REVERSE_CRUNCH,Banded Reverse Crunch
BANDED_EXERCISES,ROW,Banded Row
BANDED_EXERCISES,SHOULDER_ABDUCTION,Banded Shoulder Abduction
BANDED_EXERCISES,SHOULDER_EXTENSION,Banded Shoulder Extension
BANDED_EXERCISES,SHOULDER_EXTERNAL_ROTATION,Banded Shoulder External Rotation
BANDED_EXERCISES,SHOULDER_FLEXION_TO_90_DEGREES,Banded Shoulder Flexion to 90-Degrees
BANDED_EXERCISES,SIDE_PLANK_LEG_LIFTS,Banded Side Plank Leg Lifts
BANDED_EXERCISES,SQUAT,Banded Squat
BANDED_EXERCISES,SQUAT_TO_PRESS,Banded Squat to Press
BANDED_EXERCISES,TRICEP_EXTENSION,Banded Tricep Extension
BANDED_EXERCISES,TRICEP_KICKBACK,Banded Tricep Kick-back
BANDED_EXERCISES,UPRIGHT_ROW,Banded Upright Row
BANDED_EXERCISES,WALL_CRAWL_WITH_EXTERNAL_ROTATION,Banded Wall Crawl with External Rotation
BATTLE_ROPE,ALTERNATING_FIGURE_EIGHT,Battle Rope Alternating Figure Eight
BATTLE_ROPE,ALTERNATING_JUMP_WAVE,Battle Rope Alternating Jump Wave
BATTLE_ROPE,ALTERNATING_KNEELING_TO_STANDING_WAVE,Battle Rope Alternating Kneeling to Standing Wave
BATTLE_ROPE,ALTERNATING_LUNGE_WAVE,Battle Rope Alternating Lunge Wave
BATTLE_ROPE,ALTERNATING_SQUAT_WAVE,Battle Rope Alternating Squat Wave
BATTLE_ROPE,ALTERNATING_WAVE,Battle Rope Alternating Wave
BATTLE_ROPE,ALTERNATING_WAVE_WITH_LATERAL_SHUFFLE,Battle Rope Alternating Wave with Lateral Shuffle
BATTLE_ROPE,BATTLE_ROPE,Battle Rope
BATTLE_ROPE,CLAP_WAVE,Battle Rope Clap Wave
BATTLE_ROPE,DOUBLE_ARM_FIGURE_EIGHT,Battle Rope Double-arm Figure Eight
BATTLE_ROPE,DOUBLE_ARM_SIDE_TO_SIDE_SNAKE,Battle Rope Double Arm Side-to-Side Snake
BATTLE_ROPE,DOUBLE_ARM_SIDE_WAVE,Battle Rope Double-arm Side Wave
BATTLE_ROPE,DOUBLE_ARM_SLAM,Battle Rope Double-arm Slam
BATTLE_ROPE,DOUBLE_ARM_WAVE,Battle Rope Double-arm Wave
BATTLE_ROPE,GRAPPLER_TOSS,Battle Rope Grappler Toss
BATTLE_ROPE,HIP_TOSS,Battle Rope Hip Toss
BATTLE_ROPE,INSIDE_CIRCLE,Battle Rope Inside Circle
BATTLE_ROPE,IN_AND_OUT_WAVE,Battle Rope In and Out Wave
BATTLE_ROPE,JUMPING_JACKS,Battle Rope Jumping Jacks
BATTLE_ROPE,OUTSIDE_CIRCLE,Battle Rope Outside Circle
BATTLE_ROPE,RAINBOW,Battle Rope Rainbow
BATTLE_ROPE,SIDEWINDER,Battle Rope Sidewinder
BATTLE_ROPE,SIDE_PLANK_WAVE,Battle Rope Side Plank Wave
BATTLE_ROPE,SITTING_RUSSIAN_TWIST,Battle Rope Sitting Russian Twist
BATTLE_ROPE,SNAKE_WAVE,Battle Rope Snake Wave
BATTLE_ROPE,SPLIT_JACK,Battle Rope Split Jack
BATTLE_ROPE,STAGE_COACH,Battle Rope Stage Coach
BATTLE_ROPE,ULTIMATE_WARRIOR,Battle Rope Ultimate Warrior
BATTLE_ROPE,UPPER_CUTS,Battle Rope Upper Cuts
BENCH_PRESS,ALTERNATING_DUMBBELL_CHEST_PRESS,Alternating Dumbbell Chest Press
BENCH_PRESS,ALTERNATING_DUMBBELL_CHEST_PRESS_ON_SWISS_BALL,Alternating Dumbbell Chest Press on Swiss Ball
BENCH_PRESS,BARBELL_BENCH_PRESS,Barbell Bench Press
BENCH_PRESS,BARBELL_BOARD_BENCH_PRESS,Barbell Board Bench Press
BENCH_PRESS,BARBELL_FLOOR_PRESS,Barbell Floor Press
BENCH_PRESS,BENCH_PRESS,Bench Press
BENCH_PRESS,CLOSE_GRIP_BARBELL_BENCH_PRESS,Close-grip Barbell Bench Press
BENCH_PRESS,DECLINE_DUMBBELL_BENCH_PRESS,Decline Dumbbell Bench Press
BENCH_PRESS,DUMBBELL_BENCH_PRESS,Dumbbell Bench Press
BENCH_PRESS,DUMBBELL_FLOOR_PRESS,Dumbbell Floor Press
BENCH_PRESS,INCLINE_BARBELL_BENCH_PRESS,Incline Barbell Bench Press
BENCH_PRESS,INCLINE_DUMBBELL_BENCH_PRESS,Incline Dumbbell Bench Press
BENCH_PRESS,INCLINE_SMITH_MACHINE_BENCH_PRESS,Incline Smith Machine Bench Press
BENCH_PRESS,ISOMETRIC_BARBELL_BENCH_PRESS,Isometric Barbell Bench Press
BENCH_PRESS,KETTLEBELL_CHEST_PRESS,Kettlebell Chest Press
BENCH_PRESS,NEUTRAL_GRIP_DUMBBELL_BENCH_PRESS,Neutral-grip Dumbbell Bench Press
BENCH_PRESS,NEUTRAL_GRIP_DUMBBELL_INCLINE_BENCH_PRESS,Neutral-grip Dumbbell Incline Bench Press
BENCH_PRESS,ONE_ARM_FLOOR_PRESS,One-arm Floor Press
BENCH_PRESS,PARTIAL_LOCKOUT,Partial Lockout
BENCH_PRESS,REVERSE_GRIP_BARBELL_BENCH_PRESS,Reverse-grip Barbell Bench Press
BENCH_PRESS,REVERSE_GRIP_INCLINE_BENCH_PRESS,Reverse-grip Incline Bench Press
BENCH_PRESS,SINGLE_ARM_CABLE_CHEST_PRESS,Single-arm Cable Chest Press
BENCH_PRESS,SINGLE_ARM_DUMBBELL_BENCH_PRESS,Single-arm Dumbbell Bench Press
BENCH_PRESS,SMITH_MACHINE_BENCH_PRESS,Smith Machine Bench Press
BENCH_PRESS,SWISS_BALL_DUMBBELL_CHEST_PRESS,Swiss Ball Dumbbell Chest Press
BENCH_PRESS,TRIPLE_STOP_BARBELL_BENCH_PRESS,Triple-stop Barbell Bench Press
BENCH_PRESS,WEIGHTED_ONE_ARM_FLOOR_PRESS,Weighted One-arm Floor Press
BENCH_PRESS,WIDE_GRIP_BARBELL_BENCH_PRESS,Wide-grip Barbell Bench Press
BIKE_OUTDOOR,BIKE,Bike
BIKE_OUTDOOR,BIKE_OUTDOOR,Bike Outdoor
CALF_RAISE,CALF_RAISE,Calf Raise
CALF_RAISE,DONKEY_CALF_RAISE,Donkey Calf Raise
CALF_RAISE,SEATED_CALF_RAISE,Seated Calf Raise
CALF_RAISE,SEATED_DUMBBELL_TOE_RAISE,Seated Dumbbell Toe Raise
CALF_RAISE,SINGLE_LEG_BENT_KNEE_CALF_RAISE,Single-leg Bent-knee Calf Raise
CALF_RAISE,SINGLE_LEG_DECLINE_PUSH_UP,Single-leg Decline Push-up
CALF_RAISE,SINGLE_LEG_DONKEY_CALF_RAISE,Single-leg Donkey Calf Raise
CALF_RAISE,SINGLE_LEG_HIP_RAISE_WITH_KNEE_HOLD,Single-leg Hip Raise with Knee Hold
CALF_RAISE,SINGLE_LEG_STANDING_CALF_RAISE,Single-leg Standing Calf Raise
CALF_RAISE,SINGLE_LEG_STANDING_DUMBBELL_CALF_RAISE,Single-leg Standing Dumbbell Calf Raise
CALF_RAISE,STANDING_BARBELL_CALF_RAISE,Standing Barbell Calf Raise
CALF_RAISE,STANDING_CALF_RAISE,Standing Calf Raise
CALF_RAISE,STANDING_DUMBBELL_CALF_RAISE,Standing Dumbbell Calf Raise
CALF_RAISE,WEIGHTED_DONKEY_CALF_RAISE,Weighted Donkey Calf Raise
CALF_RAISE,WEIGHTED_SEATED_CALF_RAISE,Weighted Seated Calf Raise
CALF_RAISE,WEIGHTED_SINGLE_LEG_BENT_KNEE_CALF_RAISE,Weighted Single-leg Bent-knee Calf Raise
CALF_RAISE,WEIGHTED_SINGLE_LEG_DONKEY_CALF_RAISE,Weighted Single-leg Donkey Calf Raise
CALF_RAISE,WEIGHTED_STANDING_CALF_RAISE,Weighted Standing Calf Raise
CALF_RAISE,_3_WAY_CALF_RAISE,3-way Calf Raise
CALF_RAISE,_3_WAY_SINGLE_LEG_CALF_RAISE,3-way Single-leg Calf Raise
CALF_RAISE,_3_WAY_WEIGHTED_CALF_RAISE,3-way Weighted Calf Raise
CALF_RAISE,_3_WAY_WEIGHTED_SINGLE_LEG_CALF_RAISE,3-way Weighted Single-leg Calf Raise
CARDIO,BOB_AND_WEAVE_CIRCLE,Bob and Weave Circle
CARDIO,CARDIO,Cardio
CARDIO,CARDIO_CORE_CRAWL,Cardio Core Crawl
CARDIO,DOUBLE_UNDER,Double Under
CARDIO,JUMPING_JACKS,Jumping Jacks
CARDIO,JUMP_ROPE,Jump Rope
CARDIO,JUMP_ROPE_CROSSOVER,Jump Rope Crossover
CARDIO,JUMP_ROPE_JOG,Jump Rope Jog
CARDIO,SKI_MOGULS,Ski Moguls
CARDIO,SPLIT_JACKS,Split Jacks
CARDIO,SQUAT_JACKS,Squat Jacks
CARDIO,TRIPLE_UNDER,Triple Under
CARDIO,WEIGHTED_BOB_AND_WEAVE_CIRCLE,Weighted Bob and Weave Circle
CARDIO,WEIGHTED_CARDIO_CORE_CRAWL,Weighted Cardio Core Crawl
CARDIO,WEIGHTED_DOUBLE_UNDER,Weighted Double Under
CARDIO,WEIGHTED_JUMPING_JACKS,Weighted Jumping Jacks
CARDIO,WEIGHTED_JUMP_ROPE,Weighted Jump Rope
CARDIO,WEIGHTED_JUMP_ROPE_CROSSOVER,Weighted Jump Rope Crossover
CARDIO,WEIGHTED_JUMP_ROPE_JOG,Weighted Jump Rope Jog
CARDIO,WEIGHTED_SKI_MOGULS,Weighted Ski Moguls
CARDIO,WEIGHTED_SPLIT_JACKS,Weighted Split Jacks
CARDIO,WEIGHTED_SQUAT_JACKS,Weighted Squat Jacks
CARDIO,WEIGHTED_TRIPLE_UNDER,Weighted Triple Under
CARRY,BAR_HOLDS,Bar Holds
CARRY,CARRY,Carry
CARRY,DUMBBELL_WAITER_CARRY,Dumbbell Waiter Carry
CARRY,FARMERS_CARRY,Farmer's Carry
CARRY,FARMERS_CARRY_ON_TOES,Farmer's Carry on Toes
CARRY,FARMERS_CARRY_WALK_LUNGE,Farmer's Carry Walk Lunge
CARRY,FARMERS_WALK,Farmer's Walk
CARRY,FARMERS_WALK_ON_TOES,Farmer's Walk on Toes
CARRY,HEX_DUMBBELL_HOLD,Hex Dumbbell Hold
CARRY,OVERHEAD_CARRY,Overhead Carry
CHOP,CABLE_PULL_THROUGH,Cable Pull-through
CHOP,CABLE_ROTATIONAL_LIFT,Cable Rotational Lift
CHOP,CABLE_WOODCHOP,Cable Woodchop
CHOP,CHOP,Chop
CHOP,CROSS_CHOP_TO_KNEE,Cross Chop to Knee
CHOP,DUMBBELL_CHOP,Dumbbell Chop
CHOP,HALF_KNEELING_ROTATION,Half-kneeling Rotation
CHOP,HALF_KNEELING_ROTATIONAL_CHOP,Half-kneeling Rotational Chop
CHOP,HALF_KNEELING_ROTATIONAL_REVERSE_CHOP,Half-kneeling Rotational Reverse Chop
CHOP,HALF_KNEELING_STABILITY_CHOP,Half-kneeling Stability Chop
CHOP,HALF_KNEELING_STABILITY_REVERSE_CHOP,Half-kneeling Stability Reverse Chop
CHOP,KNEELING_ROTATIONAL_CHOP,Kneeling Rotational Chop
CHOP,KNEELING_ROTATIONAL_REVERSE_CHOP,Kneeling Rotational Reverse Chop
CHOP,KNEELING_STABILITY_CHOP,Kneeling Stability Chop
CHOP,KNEELING_WOODCHOPPER,Kneeling Woodchopper
CHOP,MEDICINE_BALL_WOOD_CHOPS,Medicine Ball Wood Chops
CHOP,POWER_SQUAT_CHOPS,Power Squat Chops
CHOP,STANDING_ROTATIONAL_CHOP,Standing Rotational Chop
CHOP,STANDING_SPLIT_ROTATIONAL_CHOP,Standing Split Rotational Chop
CHOP,STANDING_SPLIT_ROTATIONAL_REVERSE_CHOP,Standing Split Rotational Reverse Chop
CHOP,STANDING_STABILITY_REVERSE_CHOP,Standing Stability Reverse Chop
CHOP,WEIGHTED_CROSS_CHOP_TO_KNEE,Weighted Cross Chop to Knee
CHOP,WEIGHTED_HALF_KNEELING_ROTATION,Weighted Half-kneeling Rotation
CHOP,WEIGHTED_POWER_SQUAT_CHOPS,Weighted Power Squat Chops
CORE,ABS_JABS,Abs Jabs
CORE,ALTERNATING_PLATE_REACH,Alternating Plate Reach
CORE,ALTERNATING_SLIDE_OUT,Alternating Slide-out
CORE,BARBELL_ROLLOUT,Barbell Roll-out
CORE,BODY_BAR_OBLIQUE_TWIST,Body Bar Oblique Twist
CORE,CABLE_CORE_PRESS,Cable Core Press
CORE,CABLE_SIDE_BEND,Cable Side Bend
CORE,CORE,Core
CORE,CRESCENT_CIRCLE,Crescent Circle
CORE,CYCLING_RUSSIAN_TWIST,Cycling Russian Twist
CORE,ELEVATED_FEET_RUSSIAN_TWIST,Elevated-feet Russian Twist
CORE,GHD_BACK_EXTENSIONS,GHD Back Extensions
CORE,HALF_TURKISH_GET_UP,Half-Turkish Get-up
CORE,HANGING_L_SIT,Hanging L Sit
CORE,INCHWORM,Inchworm
CORE,KETTLEBELL_WINDMILL,Kettlebell Windmill
CORE,KNEELING_AB_WHEEL,Kneeling Ab Wheel
CORE,L_SIT,L Sit
CORE,MODIFIED_FRONT_LEVER,Modified Front Lever
CORE,OPEN_KNEE_TUCKS,Open Knee Tucks
CORE,OVERHEAD_WALK,Overhead Walk
CORE,RING_L_SIT,Ring L Sit
CORE,RUSSIAN_TWIST,Russian Twist
CORE,SIDE_ABS_LEG_LIFT,Side Abs Leg Lift
CORE,SIDE_BEND,Side Bend
CORE,SWISS_BALL_JACKKNIFE,Swiss Ball Jackknife
CORE,SWISS_BALL_PIKE,Swiss Ball Pike
CORE,SWISS_BALL_ROLLOUT,Swiss Ball Roll-out
CORE,TOES_TO_ELBOWS,Toes to Elbows
CORE,TRIANGLE_HIP_PRESS,Triangle Hip Press
CORE,TRX_SUSPENDED_JACKKNIFE,TRX Suspended Jackknife
CORE,TURKISH_GET_UP,Turkish Get-up
CORE,U_BOAT,U-Boat
CORE,WEIGHTED_ABS_JABS,Weighted Abs Jabs
CORE,WEIGHTED_ALTERNATING_SLIDE_OUT,Weighted Alternating Slide-out
CORE,WEIGHTED_BARBELL_ROLLOUT,Weighted Barbell Roll-out
CORE,WEIGHTED_CRESCENT_CIRCLE,Weighted Crescent Circle
CORE,WEIGHTED_CYCLING_RUSSIAN_TWIST,Weighted Cycling Russian Twist
CORE,WEIGHTED_ELEVATED_FEET_RUSSIAN_TWIST,Weighted Elevated-feet Russian Twist
CORE,WEIGHTED_GHD_BACK_EXTENSIONS,Weighted GHD Back Extensions
CORE,WEIGHTED_HANGING_L_SIT,Weighted Hanging L Sit
CORE,WEIGHTED_KNEELING_AB_WHEEL,Weighted Kneeling Ab Wheel
CORE,WEIGHTED_L_SIT,Weighted L Sit
CORE,WEIGHTED_MODIFIED_FRONT_LEVER,Weighted Modified Front Lever
CORE,WEIGHTED_OPEN_KNEE_TUCKS,Weighted Open Knee Tucks
CORE,WEIGHTED_RING_L_SIT,Weighted Ring L Sit
CORE,WEIGHTED_SIDE_ABS_LEG_LIFT,Weighted Side Abs Leg Lift
CORE,WEIGHTED_SIDE_BEND,Weighted Side Bend
CORE,WEIGHTED_SWISS_BALL_JACKKNIFE,Weighted Swiss Ball Jackknife
CORE,WEIGHTED_SWISS_BALL_PIKE,Weighted Swiss Ball Pike
CORE,WEIGHTED_SWISS_BALL_ROLLOUT,Weighted Swiss Ball Roll-out
CORE,WEIGHTED_TRIANGLE_HIP_PRESS,Weighted Triangle Hip Press
CORE,WEIGHTED_TRX_SUSPENDED_JACKKNIFE,Weighted TRX Suspended Jackknife
CORE,WEIGHTED_U_BOAT,Weighted U-Boat
CORE,WEIGHTED_WINDMILL_SWITCHES,Weighted Windmill Switches
CORE,WINDMILL_SWITCHES,Windmill Switches
CRUNCH,BICYCLE_CRUNCH,Bicycle Crunch
CRUNCH,CABLE_CRUNCH,Cable Crunch
CRUNCH,CIRCULAR_ARM_CRUNCH,Circular Arm Crunch
CRUNCH,CROSSED_ARMS_CRUNCH,Crossed-arms Crunch
CRUNCH,CROSS_LEG_REVERSE_CRUNCH,Crossed-leg Reverse Crunch
CRUNCH,CRUNCH,Crunch
CRUNCH,CRUNCH_CHOP,Crunch Chop
CRUNCH,DOUBLE_CRUNCH,Double Crunch
CRUNCH,ELBOW_TO_KNEE_CRUNCH,Elbow-to-Knee Crunch
CRUNCH,FLUTTER_KICKS,Flutter Kicks
CRUNCH,FOAM_ROLLER_REVERSE_CRUNCH_ON_BENCH,Foam Roller Reverse Crunch on Bench
CRUNCH,FOAM_ROLLER_REVERSE_CRUNCH_WITH_DUMBBELL,Foam Roller Reverse Crunch with Dumbbell
CRUNCH,FOAM_ROLLER_REVERSE_CRUNCH_WITH_MEDICINE_BALL,Foam Roller Reverse Crunch with Medicine Ball
CRUNCH,FROG_PRESS,Frog Press
CRUNCH,HANGING_KNEE_RAISE_OBLIQUE_CRUNCH,Hanging Knee Raise Oblique Crunch
CRUNCH,HIP_CROSSOVER,Hip Crossover
CRUNCH,HOLLOW_ROCK,Hollow Rock
CRUNCH,INCLINE_REVERSE_CRUNCH,Incline Reverse Crunch
CRUNCH,KNEELING_CABLE_CRUNCH,Kneeling Cable Crunch
CRUNCH,KNEELING_CROSS_CRUNCH,Kneeling Cross Crunch
CRUNCH,KNEELING_OBLIQUE_CABLE_CRUNCH,Kneeling Oblique Cable Crunch
CRUNCH,KNEES_TO_ELBOW,Knees-to-Elbow
CRUNCH,LEG_CLIMB_CRUNCH,Leg Climb Crunch
CRUNCH,LEG_EXTENSIONS,Leg Extensions
CRUNCH,LEG_LEVERS,Leg Levers
CRUNCH,MCGILL_CURL_UP,McGill Curl-up
CRUNCH,MODIFIED_PILATES_ROLL_UP_WITH_BALL,Modified Pilates Roll-up with Ball
CRUNCH,PILATES_CRUNCH,Pilates Crunch
CRUNCH,PILATES_ROLL_UP_WITH_BALL,Pilates Roll-up with Ball
CRUNCH,RAISED_LEGS_CRUNCH,Raised-legs Crunch
CRUNCH,REVERSE_CRUNCH,Reverse Crunch
CRUNCH,REVERSE_CRUNCH_ON_A_BENCH,Reverse Crunch on a Bench
CRUNCH,REVERSE_CURL_AND_LIFT,Reverse Curl and Lift
CRUNCH,ROTATIONAL_LIFT,Rotational Lift
CRUNCH,SEATED_ALTERNATING_REVERSE_CRUNCH,Seated Alternating Reverse Crunch
CRUNCH,SEATED_LEG_U,Seated Leg U
CRUNCH,SIDE_TO_SIDE_CRUNCH_AND_WEAVE,Side-to-Side Crunch and Weave
CRUNCH,SINGLE_LEG_REVERSE_CRUNCH,Single-leg Reverse Crunch
CRUNCH,SKATER_CRUNCH_CROSS,Skater Crunch Cross
CRUNCH,STANDING_CABLE_CRUNCH,Standing Cable Crunch
CRUNCH,STANDING_SIDE_CRUNCH,Standing Side Crunch
CRUNCH,STEP_CLIMB,Step Climb
CRUNCH,STRAIGHT_LEG_CRUNCH_WITH_BALL,Straight-leg Crunch with Ball
CRUNCH,SWISS_BALL_CRUNCH,Swiss Ball Crunch
CRUNCH,SWISS_BALL_REVERSE_CRUNCH,Swiss Ball Reverse Crunch
CRUNCH,SWISS_BALL_RUSSIAN_TWIST,Swiss Ball Russian Twist
CRUNCH,SWISS_BALL_SIDE_CRUNCH,Swiss Ball Side Crunch
CRUNCH,THORACIC_CRUNCHES_ON_FOAM_ROLLER,Thoracic Crunches on Foam Roller
CRUNCH,TOES_TO_BAR,Toes to Bar
CRUNCH,TRICEPS_CRUNCH,Triceps Crunch
CRUNCH,WEIGHTED_BICYCLE_CRUNCH,Weighted Bicycle Crunch
CRUNCH,WEIGHTED_CROSSED_ARMS_CRUNCH,Weighted Crossed-arms Crunch
CRUNCH,WEIGHTED_CROSS_LEG_REVERSE_CRUNCH,Weighted Crossed-leg Reverse Crunch
CRUNCH,WEIGHTED_CRUNCH,Weighted Crunch
CRUNCH,WEIGHTED_CRUNCH_CHOP,Weighted Crunch Chop
CRUNCH,WEIGHTED_DOUBLE_CRUNCH,Weighted Double Crunch
CRUNCH,WEIGHTED_ELBOW_TO_KNEE_CRUNCH,Weighted Elbow-to-Knee Crunch
CRUNCH,WEIGHTED_FLUTTER_KICKS,Weighted Flutter Kicks
CRUNCH,WEIGHTED_FOAM_ROLLER_REVERSE_CRUNCH_ON_BENCH,Weighted Foam Roller Reverse Crunch on Bench
CRUNCH,WEIGHTED_HANGING_KNEE_RAISE_OBLIQUE_CRUNCH,Weighted Hanging Knee Raise Oblique Crunch
CRUNCH,WEIGHTED_HIP_CROSSOVER,Weighted Hip Crossover
CRUNCH,WEIGHTED_HOLLOW_ROCK,Weighted Hollow Rock
CRUNCH,WEIGHTED_INCLINE_REVERSE_CRUNCH,Weighted Incline Reverse Crunch
CRUNCH,WEIGHTED_KNEELING_CROSS_CRUNCH,Weighted Kneeling Cross Crunch
CRUNCH,WEIGHTED_LEG_EXTENSIONS,Weighted Leg Extensions
CRUNCH,WEIGHTED_MCGILL_CURL_UP,Weighted McGill Curl-up
CRUNCH,WEIGHTED_MODIFIED_PILATES_ROLL_UP_WITH_BALL,Weighted Modified Pilates Roll-up with Ball
CRUNCH,WEIGHTED_PILATES_CRUNCH,Weighted Pilates Crunch
CRUNCH,WEIGHTED_PILATES_ROLL_UP_WITH_BALL,Weighted Pilates Roll-up with Ball
CRUNCH,WEIGHTED_RAISED_LEGS_CRUNCH,Weighted Raised-legs Crunch
CRUNCH,WEIGHTED_REVERSE_CRUNCH,Weighted Reverse Crunch
CRUNCH,WEIGHTED_REVERSE_CRUNCH_ON_A_BENCH,Weighted Reverse Crunch on a Bench
CRUNCH,WEIGHTED_REVERSE_CURL_AND_LIFT,Weighted Reverse Curl and Lift
CRUNCH,WEIGHTED_ROTATIONAL_LIFT,Weighted Rotational Lift
CRUNCH,WEIGHTED_SEATED_ALTERNATING_REVERSE_CRUNCH,Weighted Seated Alternating Reverse Crunch
CRUNCH,WEIGHTED_SEATED_LEG_U,Weighted Seated Leg U
CRUNCH,WEIGHTED_SIDE_TO_SIDE_CRUNCH_AND_WEAVE,Weighted Side-to-Side Crunch and Weave
CRUNCH,WEIGHTED_SINGLE_LEG_REVERSE_CRUNCH,Weighted Single-leg Reverse Crunch
CRUNCH,WEIGHTED_SKATER_CRUNCH_CROSS,Weighted Skater Crunch Cross
CRUNCH,WEIGHTED_STEP_CLIMB,Weighted Step Climb
CRUNCH,WEIGHTED_SWISS_BALL_CRUNCH,Weighted Swiss Ball Crunch
CRUNCH,WEIGHTED_SWISS_BALL_REVERSE_CRUNCH,Weighted Swiss Ball Reverse Crunch
CRUNCH,WEIGHTED_SWISS_BALL_RUSSIAN_TWIST,Weighted Swiss Ball Russian Twist
CRUNCH,WEIGHTED_SWISS_BALL_SIDE_CRUNCH,Weighted Swiss Ball Side Crunch
CRUNCH,WEIGHTED_THORACIC_CRUNCHES_ON_FOAM_ROLLER,Weighted Thoracic Crunches on Foam Roller
CRUNCH,WEIGHTED_TOES_TO_BAR,Weighted Toes to Bar
CURL,ALTERNATING_DUMBBELL_BICEPS_CURL,Alternating Dumbbell Biceps Curl
CURL,ALTERNATING_DUMBBELL_BICEPS_CURL_ON_SWISS_BALL,Alternating Dumbbell Biceps Curl on Swiss Ball
CURL,ALTERNATING_INCLINE_DUMBBELL_BICEPS_CURL,Alternating Incline Dumbbell Biceps Curl
CURL,BARBELL_BICEPS_CURL,Barbell Biceps Curl
CURL,BARBELL_REVERSE_WRIST_CURL,Barbell Reverse Wrist Curl
CURL,BARBELL_WRIST_CURL,Barbell Wrist Curl
CURL,BEHIND_THE_BACK_BARBELL_REVERSE_WRIST_CURL,Behind-the-Back Barbell Reverse Wrist Curl
CURL,BEHIND_THE_BACK_ONE_ARM_CABLE_CURL,Behind-the-Back One-arm Cable Curl
CURL,CABLE_BICEPS_CURL,Cable Biceps Curl
CURL,CABLE_HAMMER_CURL,Cable Hammer Curl
CURL,CHEATING_BARBELL_BICEPS_CURL,Cheating Barbell Biceps Curl
CURL,CLOSE_GRIP_EZ_BAR_BICEPS_CURL,Close-grip EZ-Bar Biceps Curl
CURL,CROSS_BODY_DUMBBELL_HAMMER_CURL,Cross-body Dumbbell Hammer Curl
CURL,CURL,Curl
CURL,DEAD_HANG_BICEPS_CURL,Dead-hang Biceps Curl
CURL,DECLINE_HAMMER_CURL,Decline Hammer Curl
CURL,DUMBBELL_BICEPS_CURL,Dumbbell Biceps Curl
CURL,DUMBBELL_BICEPS_CURL_WITH_STATIC_HOLD,Dumbbell Biceps Curl with Static Hold
CURL,DUMBBELL_HAMMER_CURL,Dumbbell Hammer Curl
CURL,DUMBBELL_REVERSE_WRIST_CURL,Dumbbell Reverse Wrist Curl
CURL,DUMBBELL_WRIST_CURL,Dumbbell Wrist Curl
CURL,EZ_BAR_PREACHER_CURL,EZ-Bar Preacher Curl
CURL,FORWARD_BEND_BICEPS_CURL,Forward Bend Biceps Curl
CURL,HAMMER_CURL_TO_PRESS,Hammer Curl to Press
CURL,INCLINE_DUMBBELL_BICEPS_CURL,Incline Dumbbell Biceps Curl
CURL,INCLINE_OFFSET_THUMB_DUMBBELL_CURL,Incline Offset Thumb Dumbbell Curl
CURL,KETTLEBELL_BICEPS_CURL,Kettlebell Biceps Curl
CURL,LYING_CONCENTRATION_CABLE_CURL,Lying Concentration Cable Curl
CURL,ONE_ARM_CONCENTRATION_CURL,One-arm Concentration Curl
CURL,ONE_ARM_PREACHER_CURL,One-arm Preacher Curl
CURL,PLATE_PINCH_CURL,Plate Pinch Curl
CURL,PREACHER_CURL_WITH_CABLE,Preacher Curl with Cable
CURL,REVERSE_EZ_BAR_CURL,Reverse EZ-Bar Curl
CURL,REVERSE_GRIP_BARBELL_BICEPS_CURL,Reverse-grip Barbell Biceps Curl
CURL,REVERSE_GRIP_WRIST_CURL,Reverse-grip Wrist Curl
CURL,SEATED_ALTERNATING_DUMBBELL_BICEPS_CURL,Seated Alternating Dumbbell Biceps Curl
CURL,SEATED_DUMBBELL_BICEPS_CURL,Seated Dumbbell Biceps Curl
CURL,SEATED_REVERSE_DUMBBELL_CURL,Seated Reverse Dumbbell Curl
CURL,SPLIT_STANCE_OFFSET_PINKY_DUMBBELL_CURL,Split-stance Offset Pinky Dumbbell Curl
CURL,STANDING_ALTERNATING_DUMBBELL_CURLS,Standing Alternating Dumbbell Curls
CURL,STANDING_DUMBBELL_BICEPS_CURL,Standing Dumbbell Biceps Curl
CURL,STANDING_EZ_BAR_BICEPS_CURL,Standing EZ-Bar Biceps Curl
CURL,STANDING_ZOTTMAN_BICEPS_CURL,Standing Zottman Biceps Curl
CURL,STATIC_CURL,Static Curl
CURL,SWISS_BALL_DUMBBELL_OVERHEAD_TRICEPS_EXTENSION,Swiss Ball Dumbbell Overhead Triceps Extension
CURL,SWISS_BALL_EZ_BAR_PREACHER_CURL,Swiss Ball EZ-Bar Preacher Curl
CURL,TWISTING_STANDING_DUMBBELL_BICEPS_CURL,Twisting Standing Dumbbell Biceps Curl
CURL,WIDE_GRIP_EZ_BAR_BICEPS_CURL,Wide-grip EZ-Bar Biceps Curl
DEADLIFT,BARBELL_DEADLIFT,Barbell Deadlift
DEADLIFT,BARBELL_STRAIGHT_LEG_DEADLIFT,Barbell Straight-leg Deadlift
DEADLIFT,DEADLIFT,Deadlift
DEADLIFT,DUMBBELL_DEADLIFT,Dumbbell Deadlift
DEADLIFT,DUMBBELL_SINGLE_LEG_DEADLIFT_TO_ROW,Dumbbell Single-leg Deadlift to Row
DEADLIFT,DUMBBELL_STRAIGHT_LEG_DEADLIFT,Dumbbell Straight-leg Deadlift
DEADLIFT,KETTLEBELL_DEADLIFT,Kettlebell Deadlift
DEADLIFT,KETTLEBELL_FLOOR_TO_SHELF,Kettlebell Floor to Shelf
DEADLIFT,KETTLEBELL_SUMO_DEADLIFT,Kettlebell Sumo Deadlift
DEADLIFT,ONE_ARM_ONE_LEG_DEADLIFT,One-arm One-leg Deadlift
DEADLIFT,RACK_PULL,Rack Pull
DEADLIFT,ROMANIAN_DEADLIFT,Romanian Deadlift
DEADLIFT,ROTATIONAL_DUMBBELL_STRAIGHT_LEG_DEADLIFT,Rotational Dumbbell Straight-leg Deadlift
DEADLIFT,SINGLE_ARM_DEADLIFT,Single-arm Deadlift
DEADLIFT,SINGLE_LEG_BARBELL_DEADLIFT,Single-leg Barbell Deadlift
DEADLIFT,SINGLE_LEG_BARBELL_STRAIGHT_LEG_DEADLIFT,Single-leg Barbell Straight-leg Deadlift
DEADLIFT,SINGLE_LEG_DEADLIFT_WITH_BARBELL,Single-leg Deadlift with Barbell
DEADLIFT,SINGLE_LEG_RDL_CIRCUIT,Single-leg RDL Circuit
DEADLIFT,SINGLE_LEG_ROMANIAN_DEADLIFT_CIRCUIT,Single-leg Romanian Deadlift Circuit
DEADLIFT,SINGLE_LEG_ROMANIAN_DEADLIFT_WITH_DUMBBELL,Single-leg Romanian Deadlift with Dumbbell
DEADLIFT,STRAIGHT_LEG_DEADLIFT,Straight-leg Deadlift
DEADLIFT,SUMO_DEADLIFT,Sumo Deadlift
DEADLIFT,SUMO_DEADLIFT_HIGH_PULL,Sumo Deadlift High Pull
DEADLIFT,TRAP_BAR_DEADLIFT,Trap-bar Deadlift
DEADLIFT,WIDE_GRIP_BARBELL_DEADLIFT,Wide-grip Barbell Deadlift
ELLIPTICAL,ELLIPTICAL,Elliptical
FLOOR_CLIMB,FLOOR_CLIMB,Floor Climb
FLYE,CABLE_CROSSOVER,Cable Crossover
FLYE,DECLINE_DUMBBELL_FLYE,Decline Dumbbell Fly
FLYE,DUMBBELL_FLYE,Dumbbell Fly
FLYE,FLYE,Fly
FLYE,INCLINE_DUMBBELL_FLYE,Incline Dumbbell Fly
FLYE,INCLINE_REVERSE_FLYE,Incline Reverse Fly
FLYE,KETTLEBELL_FLYE,Kettlebell Fly
FLYE,KNEELING_REAR_FLYE,Kneeling Rear Fly
FLYE,SINGLE_ARM_STANDING_CABLE_REVERSE_FLYE,Single-arm Standing Cable Reverse Fly
FLYE,SWISS_BALL_DUMBBELL_FLYE,Swiss Ball Dumbbell Fly
HIP_RAISE,BARBELL_HIP_THRUST_ON_FLOOR,Barbell Hip Thrust on Floor
HIP_RAISE,BARBELL_HIP_THRUST_WITH_BENCH,Barbell Hip Thrust with Bench
HIP_RAISE,BENT_KNEE_SWISS_BALL_REVERSE_HIP_RAISE,Bent-knee Swiss Ball Reverse Hip Raise
HIP_RAISE,BRIDGE_WITH_LEG_EXTENSION,Bridge with Leg Extension
HIP_RAISE,CLAM_BRIDGE,Clam Bridge
HIP_RAISE,FRONT_KICK_TABLETOP,Front Kick Tabletop
HIP_RAISE,HIP_EXTENSION_AND_CROSS,Hip Extension and Cross
HIP_RAISE,HIP_RAISE,Hip Raise
HIP_RAISE,HIP_RAISE_WITH_FEET_ON_SWISS_BALL,Hip Raise with Feet on Swiss Ball
HIP_RAISE,HIP_RAISE_WITH_HEAD_ON_BOSU_BALL,Hip Raise with Head on Bosu® Balance Trainer
HIP_RAISE,HIP_RAISE_WITH_HEAD_ON_SWISS_BALL,Hip Raise with Head on Swiss Ball
HIP_RAISE,HIP_RAISE_WITH_KNEE_SQUEEZE,Hip Raise with Knee Squeeze
HIP_RAISE,INCLINE_REAR_LEG_EXTENSION,Incline Rear-leg Extension
HIP_RAISE,KETTLEBELL_SWING,Kettlebell Swing
HIP_RAISE,MARCHING_HIP_RAISE,Marching Hip Raise
HIP_RAISE,MARCHING_HIP_RAISE_WITH_FEET_ON_A_SWISS_BALL,Marching Hip Raise with Feet on a Swiss Ball
HIP_RAISE,REVERSE_HIP_RAISE,Reverse Hip Raise
HIP_RAISE,SINGLE_LEG_HIP_RAISE,Single-leg Hip Raise
HIP_RAISE,SINGLE_LEG_HIP_RAISE_WITH_FOOT_ON_BENCH,Single-leg Hip Raise with Foot on Bench
HIP_RAISE,SINGLE_LEG_HIP_RAISE_WITH_FOOT_ON_BOSU_BALL,Single-leg Hip Raise with Foot on Bosu® Balance Trainer
HIP_RAISE,SINGLE_LEG_HIP_RAISE_WITH_FOOT_ON_FOAM_ROLLER,Single-leg Hip Raise with Foot on Foam Roller
HIP_RAISE,SINGLE_LEG_HIP_RAISE_WITH_FOOT_ON_MEDICINE_BALL,Single-leg Hip Raise with Foot on Medicine Ball
HIP_RAISE,SINGLE_LEG_HIP_RAISE_WITH_HEAD_ON_BOSU_BALL,Single-leg Hip Raise with Head on Bosu® Balance Trainer
HIP_RAISE,SINGLE_LEG_SWISS_BALL_HIP_RAISE_AND_LEG_CURL,Single-leg Swiss Ball Hip Raise and Leg Curl
HIP_RAISE,WEIGHTED_BENT_KNEE_SWISS_BALL_REVERSE_HIP_RAISE,Weighted Bent-knee Swiss Ball Reverse Hip Raise
HIP_RAISE,WEIGHTED_BRIDGE_WITH_LEG_EXTENSION,Weighted Bridge with Leg Extension
HIP_RAISE,WEIGHTED_CLAM_BRIDGE,Weighted Clam Bridge
HIP_RAISE,WEIGHTED_FRONT_KICK_TABLETOP,Weighted Front Kick Tabletop
HIP_RAISE,WEIGHTED_HIP_EXTENSION_AND_CROSS,Weighted Hip Extension and Cross
HIP_RAISE,WEIGHTED_HIP_RAISE,Weighted Hip Raise
HIP_RAISE,WEIGHTED_HIP_RAISE_WITH_FEET_ON_SWISS_BALL,Weighted Hip Raise with Feet on Swiss Ball
HIP_RAISE,WEIGHTED_HIP_RAISE_WITH_HEAD_ON_BOSU_BALL,Weighted Hip Raise with Head on Bosu® Balance Trainer
HIP_RAISE,WEIGHTED_HIP_RAISE_WITH_HEAD_ON_SWISS_BALL,Weighted Hip Raise with Head on Swiss Ball
HIP_RAISE,WEIGHTED_HIP_RAISE_WITH_KNEE_SQUEEZE,Weighted Hip Raise with Knee Squeeze
HIP_RAISE,WEIGHTED_INCLINE_REAR_LEG_EXTENSION,Weighted Incline Rear-leg Extension
HIP_RAISE,WEIGHTED_MARCHING_HIP_RAISE,Weighted Marching Hip Raise
HIP_RAISE,WEIGHTED_MARCHING_HIP_RAISE_WITH_FEET_ON_A_SWISS_BALL,Weighted Marching Hip Raise with Feet on a Swiss Ball
HIP_RAISE,WEIGHTED_REVERSE_HIP_RAISE,Weighted Reverse Hip Raise
HIP_RAISE,WEIGHTED_SINGLE_LEG_HIP_RAISE,Weighted Single-leg Hip Raise
HIP_RAISE,WEIGHTED_SINGLE_LEG_HIP_RAISE_WITH_FOOT_ON_BENCH,Weighted Single-leg Hip Raise with Foot on Bench
HIP_RAISE,WEIGHTED_SINGLE_LEG_HIP_RAISE_WITH_FOOT_ON_BOSU_BALL,Weighted Single-leg Hip Raise with Foot on Bosu® Balance Trainer
HIP_RAISE,WEIGHTED_SINGLE_LEG_HIP_RAISE_WITH_FOOT_ON_FOAM_ROLLER,Weighted Single-leg Hip Raise with Foot on Foam Roller
HIP_RAISE,WEIGHTED_SINGLE_LEG_HIP_RAISE_WITH_FOOT_ON_MEDICINE_BALL,Weighted Single-leg Hip Raise with Foot on Medicine Ball
HIP_RAISE,WEIGHTED_SINGLE_LEG_HIP_RAISE_WITH_HEAD_ON_BOSU_BALL,Weighted Single-leg Hip Raise with Head on Bosu® Balance Trainer
HIP_STABILITY,BAND_SIDE_LYING_LEG_RAISE,Band Side-lying Leg Raise
HIP_STABILITY,DEAD_BUG,Dead Bug
HIP_STABILITY,EXTERNAL_HIP_RAISE,External Hip Raise
HIP_STABILITY,FIRE_HYDRANT_KICKS,Fire Hydrant Kicks
HIP_STABILITY,HIP_CIRCLES,Hip Circles
HIP_STABILITY,HIP_STABILITY,Hip Stability
HIP_STABILITY,INNER_THIGH_LIFT,Inner-thigh Lift
HIP_STABILITY,LATERAL_WALKS_WITH_BAND_AT_ANKLES,Lateral Walks with Band at Ankles
HIP_STABILITY,LYING_ABDUCTION_STRETCH,Lying Abduction Stretch
HIP_STABILITY,PRETZEL_SIDE_KICK,Pretzel Side Kick
HIP_STABILITY,PRONE_HIP_INTERNAL_ROTATION,Prone Hip Internal Rotation
HIP_STABILITY,QUADRUPED,Quadruped
HIP_STABILITY,QUADRUPED_HIP_EXTENSION,Quadruped Hip Extension
HIP_STABILITY,QUADRUPED_WITH_LEG_LIFT,Quadruped with Leg Lift
HIP_STABILITY,SIDE_LYING_LEG_RAISE,Side-lying Leg Raise
HIP_STABILITY,SLIDING_HIP_ADDUCTION,Sliding Hip Adduction
HIP_STABILITY,STANDING_ADDUCTION,Standing Adduction
HIP_STABILITY,STANDING_CABLE_HIP_ABDUCTION,Standing Cable Hip Abduction
HIP_STABILITY,STANDING_HIP_ABDUCTION,Standing Hip Abduction
HIP_STABILITY,STANDING_REAR_LEG_RAISE,Standing Rear-leg Raise
HIP_STABILITY,SUPINE_HIP_INTERNAL_ROTATION,Supine Hip Internal Rotation
HIP_STABILITY,WEIGHTED_DEAD_BUG,Weighted Dead Bug
HIP_STABILITY,WEIGHTED_EXTERNAL_HIP_RAISE,Weighted External Hip Raise
HIP_STABILITY,WEIGHTED_FIRE_HYDRANT_KICKS,Weighted Fire Hydrant Kicks
HIP_STABILITY,WEIGHTED_HIP_CIRCLES,Weighted Hip Circles
HIP_STABILITY,WEIGHTED_INNER_THIGH_LIFT,Weighted Inner-thigh Lift
HIP_STABILITY,WEIGHTED_PRETZEL_SIDE_KICK,Weighted Pretzel Side Kick
HIP_STABILITY,WEIGHTED_PRONE_HIP_INTERNAL_ROTATION,Weighted Prone Hip Internal Rotation
HIP_STABILITY,WEIGHTED_QUADRUPED_HIP_EXTENSION,Weighted Quadruped Hip Extension
HIP_STABILITY,WEIGHTED_QUADRUPED_WITH_LEG_LIFT,Weighted Quadruped with Leg Lift
HIP_STABILITY,WEIGHTED_SIDE_LYING_LEG_RAISE,Weighted Side-lying Leg Raise
HIP_STABILITY,WEIGHTED_SLIDING_HIP_ADDUCTION,Weighted Sliding Hip Adduction
HIP_STABILITY,WEIGHTED_STANDING_ADDUCTION,Weighted Standing Adduction
HIP_STABILITY,WEIGHTED_STANDING_HIP_ABDUCTION,Weighted Standing Hip Abduction
HIP_STABILITY,WEIGHTED_STANDING_REAR_LEG_RAISE,Weighted Standing Rear-leg Raise
HIP_STABILITY,WEIGHTED_SUPINE_HIP_INTERNAL_ROTATION,Weighted Supine Hip Internal Rotation
HIP_SWING,HIP_SWING,Hip Swing
HIP_SWING,ONE_ARM_SWING,One-arm Swing
HIP_SWING,SINGLE_ARM_DUMBBELL_SWING,Single-arm Dumbbell Swing
HIP_SWING,SINGLE_ARM_KETTLEBELL_SWING,Single-arm Kettlebell Swing
HIP_SWING,STEP_OUT_SWING,Step-out Swing
HYPEREXTENSION,BACK_EXTENSION_WITH_OPPOSITE_ARM_AND_LEG_REACH,Back Extension with Opposite Arm and Leg Reach
HYPEREXTENSION,BASE_ROTATIONS,Base Rotations
HYPEREXTENSION,BENT_KNEE_REVERSE_HYPEREXTENSION,Bent-knee Reverse Hyperextension
HYPEREXTENSION,HOLLOW_HOLD_AND_ROLL,"Hollow, Hold, and Roll"
HYPEREXTENSION,HYPEREXTENSION,Hyperextension
HYPEREXTENSION,KICKS,Kicks
HYPEREXTENSION,KNEELING_SUPERMAN,Kneeling Superman
HYPEREXTENSION,KNEE_RAISES,Knee Raises
HYPEREXTENSION,LAT_PULL_DOWN_WITH_ROW,Lat Pull-down with Row
HYPEREXTENSION,MEDICINE_BALL_DEADLIFT_TO_REACH,Medicine Ball Deadlift-to-Reach
HYPEREXTENSION,ONE_ARM_ONE_LEG_ROW,One-arm One-leg Row
HYPEREXTENSION,ONE_ARM_ROW_WITH_BAND,One-arm Row with Band
HYPEREXTENSION,OVERHEAD_LUNGE_WITH_MEDICINE_BALL,Overhead Lunge with Medicine Ball
HYPEREXTENSION,PLANK_KNEE_TUCKS,Plank Knee Tucks
HYPEREXTENSION,SIDE_STEP,Side Step
HYPEREXTENSION,SINGLE_LEG_BACK_EXTENSION,Single-leg Back Extension
HYPEREXTENSION,SPINE_EXTENSION,Spine Extension
HYPEREXTENSION,STATIC_BACK_EXTENSION,Static Back Extension
HYPEREXTENSION,SUPERMAN_FROM_FLOOR,Superman from Floor
HYPEREXTENSION,SUPERMAN_ON_SWISS_BALL,Superman on Swiss Ball
HYPEREXTENSION,SWISS_BALL_BACK_EXTENSION,Swiss Ball Back Extension
HYPEREXTENSION,SWISS_BALL_HYPEREXTENSION,Swiss Ball Hyperextension
HYPEREXTENSION,SWISS_BALL_OPPOSITE_ARM_AND_LEG_LIFT,Swiss Ball Opposite Arm and Leg Lift
HYPEREXTENSION,WEIGHTED_BACK_EXTENSION_WITH_OPPOSITE_ARM_AND_LEG_REACH,Weighted Back Extension with Opposite Arm and Leg Reach
HYPEREXTENSION,WEIGHTED_BASE_ROTATIONS,Weighted Base Rotations
HYPEREXTENSION,WEIGHTED_BENT_KNEE_REVERSE_HYPEREXTENSION,Weighted Bent-knee Reverse Hyperextension
HYPEREXTENSION,WEIGHTED_HOLLOW_HOLD_AND_ROLL,"Weighted Hollow, Hold, and Roll"
HYPEREXTENSION,WEIGHTED_KICKS,Weighted Kicks
HYPEREXTENSION,WEIGHTED_KNEELING_SUPERMAN,Weighted Kneeling Superman
HYPEREXTENSION,WEIGHTED_KNEE_RAISES,Weighted Knee Raises
HYPEREXTENSION,WEIGHTED_PLANK_KNEE_TUCKS,Weighted Plank Knee Tucks
HYPEREXTENSION,WEIGHTED_SIDE_STEP,Weighted Side Step
HYPEREXTENSION,WEIGHTED_SINGLE_LEG_BACK_EXTENSION,Weighted Single-leg Back Extension
HYPEREXTENSION,WEIGHTED_SPINE_EXTENSION,Weighted Spine Extension
HYPEREXTENSION,WEIGHTED_STATIC_BACK_EXTENSION,Weighted Static Back Extension
HYPEREXTENSION,WEIGHTED_SUPERMAN_FROM_FLOOR,Weighted Superman from Floor
HYPEREXTENSION,WEIGHTED_SWISS_BALL_BACK_EXTENSION,Weighted Swiss Ball Back Extension
HYPEREXTENSION,WEIGHTED_SWISS_BALL_HYPEREXTENSION,Weighted Swiss Ball Hyperextension
HYPEREXTENSION,WEIGHTED_SWISS_BALL_OPPOSITE_ARM_AND_LEG_LIFT,Weighted Swiss Ball Opposite Arm and Leg Lift
INDOOR_BIKE,AIR_BIKE,Air Bike
INDOOR_BIKE,ASSAULT_BIKE,Assault Bike
INDOOR_BIKE,INDOOR_BIKE,Indoor Bike
INDOOR_BIKE,STATIONARY_BIKE,Stationary Bike
LADDER,AGILITY,Agility Ladder
LADDER,LADDER,Ladder
LADDER,SPEED,Speed Ladder
LATERAL_RAISE,ALTERNATING_LATERAL_RAISE_WITH_STATIC_HOLD,Alternating Lateral Raise with Static Hold
LATERAL_RAISE,BAR_MUSCLE_UP,Bar Muscle-up
LATERAL_RAISE,BENT_OVER_LATERAL_RAISE,Bent-over Lateral Raise
LATERAL_RAISE,CABLE_DIAGONAL_RAISE,Cable Diagonal Raise
LATERAL_RAISE,CABLE_FRONT_RAISE,Cable Front Raise
LATERAL_RAISE,CALORIE_ROW,Calorie Row
LATERAL_RAISE,COMBO_SHOULDER_RAISE,Combo Shoulder Raise
LATERAL_RAISE,DUMBBELL_DIAGONAL_RAISE,Dumbbell Diagonal Raise
LATERAL_RAISE,DUMBBELL_LATERAL_RAISE,Dumbbell Lateral Raise
LATERAL_RAISE,DUMBBELL_V_RAISE,Dumbbell V Raise
LATERAL_RAISE,FRONT_RAISE,Front Raise
LATERAL_RAISE,LATERAL_RAISE,Lateral Raise
LATERAL_RAISE,LEANING_DUMBBELL_LATERAL_RAISE,Leaning Dumbbell Lateral Raise
LATERAL_RAISE,LYING_DUMBBELL_RAISE,Lying Dumbbell Raise
LATERAL_RAISE,MUSCLE_UP,Muscle-up (progression)
LATERAL_RAISE,ONE_ARM_CABLE_LATERAL_RAISE,One-arm Cable Lateral Raise
LATERAL_RAISE,OVERHAND_GRIP_REAR_LATERAL_RAISE,Overhand-grip Rear Lateral Raise
LATERAL_RAISE,PLATE_RAISES,Plate Raises
LATERAL_RAISE,RING_DIP,Ring Dip
LATERAL_RAISE,RING_DIP_KIPPING,Kipping Ring Dip
LATERAL_RAISE,RING_MUSCLE_UP,Ring Muscle-up
LATERAL_RAISE,ROPE_CLIMB,Rope Climb
LATERAL_RAISE,SCAPTION,Scaption
LATERAL_RAISE,SEATED_LATERAL_RAISE,Seated Lateral Raise
LATERAL_RAISE,SEATED_REAR_LATERAL_RAISE,Seated Rear Lateral Raise
LATERAL_RAISE,SIDE_LYING_LATERAL_RAISE,Side-lying Lateral Raise
LATERAL_RAISE,STANDING_LIFT,Standing Lift
LATERAL_RAISE,SUSPENDED_ROW,Suspended Row
LATERAL_RAISE,UNDERHAND_GRIP_REAR_LATERAL_RAISE,Underhand-grip Rear Lateral Raise
LATERAL_RAISE,WALL_SLIDE,Wall Slide
LATERAL_RAISE,WALL_WALK,Wall Walk
LATERAL_RAISE,WEIGHTED_RING_DIP,Weighted Ring Dip
LATERAL_RAISE,WEIGHTED_RING_MUSCLE_UP,Weighted Ring Muscle-up
LATERAL_RAISE,WEIGHTED_ROPE_CLIMB,Weighted Rope Climb
LATERAL_RAISE,WEIGHTED_WALL_SLIDE,Weighted Wall Slide
LATERAL_RAISE,_45_DEGREE_CABLE_EXTERNAL_ROTATION,45-degree Cable External Rotation
LEG_CURL,BAND_GOOD_MORNING,Band Good Morning
LEG_CURL,BAR_GOOD_MORNING,Bar Good Morning
LEG_CURL,GOOD_MORNING,Good Morning
LEG_CURL,LEG_CURL,Leg Curl
LEG_CURL,SEATED_BARBELL_GOOD_MORNING,Seated Barbell Good Morning
LEG_CURL,SINGLE_LEG_BARBELL_GOOD_MORNING,Single-leg Barbell Good Morning
LEG_CURL,SINGLE_LEG_SLIDING_LEG_CURL,Single-leg Sliding Leg Curl
LEG_CURL,SLIDING_LEG_CURL,Sliding Leg Curl
LEG_CURL,SPLIT_BARBELL_GOOD_MORNING,Split Barbell Good Morning
LEG_CURL,SPLIT_STANCE_EXTENSION,Split-stance Extension
LEG_CURL,STAGGERED_STANCE_GOOD_MORNING,Staggered-stance Good Morning
LEG_CURL,SWISS_BALL_HIP_RAISE_AND_LEG_CURL,Swiss Ball Hip Raise and Leg Curl
LEG_CURL,WEIGHTED_LEG_CURL,Weighted Leg Curl
LEG_CURL,ZERCHER_GOOD_MORNING,Zercher Good Morning
LEG_RAISE,HANGING_KNEE_RAISE,Hanging Knee Raise
LEG_RAISE,HANGING_LEG_RAISE,Hanging Leg Raise
LEG_RAISE,HANGING_SINGLE_LEG_RAISE,Hanging Single-leg Raise
LEG_RAISE,KETTLEBELL_LEG_RAISES,Kettlebell Leg Raises
LEG_RAISE,LATERAL_STEPOVER,Lateral Step-over
LEG_RAISE,LEG_LOWERING_DRILL,Leg Lowering Drill
LEG_RAISE,LEG_RAISE,Leg Raise
LEG_RAISE,LYING_STRAIGHT_LEG_RAISE,Lying Straight-leg Raise
LEG_RAISE,MEDICINE_BALL_LEG_DROPS,Medicine Ball Leg Drops
LEG_RAISE,QUADRUPED_LEG_RAISE,Quadruped Leg Raise
LEG_RAISE,REVERSE_LEG_RAISE,Reverse Leg Raise
LEG_RAISE,REVERSE_LEG_RAISE_ON_SWISS_BALL,Reverse Leg Raise on Swiss Ball
LEG_RAISE,SINGLE_LEG_LOWERING_DRILL,Single-leg Lowering Drill
LEG_RAISE,WEIGHTED_HANGING_KNEE_RAISE,Weighted Hanging Knee Raise
LEG_RAISE,WEIGHTED_HANGING_LEG_RAISE,Weighted Hanging Leg Raise
LEG_RAISE,WEIGHTED_HANGING_SINGLE_LEG_RAISE,Weighted Hanging Single-leg Raise
LEG_RAISE,WEIGHTED_LATERAL_STEPOVER,Weighted Lateral Step-over
LEG_RAISE,WEIGHTED_LEG_LOWERING_DRILL,Weighted Leg Lowering Drill
LEG_RAISE,WEIGHTED_LYING_STRAIGHT_LEG_RAISE,Weighted Lying Straight-leg Raise
LEG_RAISE,WEIGHTED_QUADRUPED_LEG_RAISE,Weighted Quadruped Leg Raise
LEG_RAISE,WEIGHTED_REVERSE_LEG_RAISE,Weighted Reverse Leg Raise
LEG_RAISE,WEIGHTED_REVERSE_LEG_RAISE_ON_SWISS_BALL,Weighted Reverse Leg Raise on Swiss Ball
LEG_RAISE,WEIGHTED_SINGLE_LEG_LOWERING_DRILL,Weighted Single-leg Lowering Drill
LUNGE,ALTERNATING_BARBELL_FORWARD_LUNGE,Alternating Barbell Forward Lunge
LUNGE,ALTERNATING_DUMBBELL_LUNGE,Alternating Dumbbell Lunge
LUNGE,ALTERNATING_DUMBBELL_LUNGE_WITH_REACH,Alternating Dumbbell Lunge with Reach
LUNGE,BACK_FOOT_ELEVATED_DUMBBELL_SPLIT_SQUAT,Back-foot Elevated Dumbbell Split Squat
LUNGE,BARBELL_BOX_LUNGE,Barbell Box Lunge
LUNGE,BARBELL_BULGARIAN_SPLIT_SQUAT,Barbell Bulgarian Split Squat
LUNGE,BARBELL_CROSSOVER_LUNGE,Barbell Crossover Lunge
LUNGE,BARBELL_FRONT_SPLIT_SQUAT,Barbell Front Split Squat
LUNGE,BARBELL_LUNGE,Barbell Lunge
LUNGE,BARBELL_REVERSE_LUNGE,Barbell Reverse Lunge
LUNGE,BARBELL_SIDE_LUNGE,Barbell Side Lunge
LUNGE,BARBELL_SPLIT_SQUAT,Barbell Split Squat
LUNGE,CORE_CONTROL_REAR_LUNGE,Core Control Rear Lunge
LUNGE,CURTSY_LUNGE,Curtsy Lunge
LUNGE,DIAGONAL_LUNGE,Diagonal Lunge
LUNGE,DROP_LUNGE,Drop Lunge
LUNGE,DUMBBELL_BOX_LUNGE,Dumbbell Box Lunge
LUNGE,DUMBBELL_BULGARIAN_SPLIT_SQUAT,Dumbbell Bulgarian Split Squat
LUNGE,DUMBBELL_CROSSOVER_LUNGE,Dumbbell Crossover Lunge
LUNGE,DUMBBELL_DIAGONAL_LUNGE,Dumbbell Diagonal Lunge
LUNGE,DUMBBELL_LUNGE,Dumbbell Lunge
LUNGE,DUMBBELL_LUNGE_AND_ROTATION,Dumbbell Lunge and Rotation
LUNGE,DUMBBELL_OVERHEAD_BULGARIAN_SPLIT_SQUAT,Dumbbell Overhead Bulgarian Split Squat
LUNGE,DUMBBELL_OVERHEAD_WALKING_LUNGE,Dumbbell Overhead Walking Lunge
LUNGE,DUMBBELL_REVERSE_LUNGE,Dumbbell Reverse Lunge
LUNGE,DUMBBELL_REVERSE_LUNGE_TO_HIGH_KNEE_AND_PRESS,Dumbbell Reverse Lunge to High Knee and Press
LUNGE,DUMBBELL_SIDE_LUNGE,Dumbbell Side Lunge
LUNGE,ELEVATED_FRONT_FOOT_BARBELL_SPLIT_SQUAT,Elevated Front-foot Barbell Split Squat
LUNGE,FRONT_FOOT_ELEVATED_DUMBBELL_SPLIT_SQUAT,Elevated Front-foot Dumbbell Split Squat
LUNGE,GUNSLINGER_LUNGE,Gunslinger Lunge
LUNGE,LAWNMOWER_LUNGE,Lawnmower Lunge
LUNGE,LOW_LUNGE_WITH_ISOMETRIC_ADDUCTION,Low Lunge with Isometric Adduction
LUNGE,LOW_SIDE_TO_SIDE_LUNGE,Low Side-to-Side Lunge
LUNGE,LUNGE,Lunge
LUNGE,LUNGE_MATRIX,Lunge Matrix
LUNGE,LUNGE_WITH_ARM_REACH,Lunge with Arm Reach
LUNGE,LUNGE_WITH_DIAGONAL_REACH,Lunge with Diagonal Reach
LUNGE,LUNGE_WITH_SIDE_BEND,Lunge with Side Bend
LUNGE,OFFSET_DUMBBELL_LUNGE,Offset Dumbbell Lunge
LUNGE,OFFSET_DUMBBELL_REVERSE_LUNGE,Offset Dumbbell Reverse Lunge
LUNGE,OVERHEAD_BULGARIAN_SPLIT_SQUAT,Overhead Bulgarian Split Squat
LUNGE,OVERHEAD_DUMBBELL_LUNGE,Overhead Dumbbell Lunge
LUNGE,OVERHEAD_DUMBBELL_REVERSE_LUNGE,Overhead Dumbbell Reverse Lunge
LUNGE,OVERHEAD_DUMBBELL_SPLIT_SQUAT,Overhead Dumbbell Split Squat
LUNGE,OVERHEAD_LUNGE,Overhead Lunge
LUNGE,OVERHEAD_LUNGE_WITH_ROTATION,Overhead Lunge with Rotation
LUNGE,REVERSE_BARBELL_BOX_LUNGE,Reverse Barbell Box Lunge
LUNGE,REVERSE_BOX_LUNGE,Reverse Box Lunge
LUNGE,REVERSE_DUMBBELL_BOX_LUNGE,Reverse Dumbbell Box Lunge
LUNGE,REVERSE_DUMBBELL_CROSSOVER_LUNGE,Reverse Dumbbell Crossover Lunge
LUNGE,REVERSE_DUMBBELL_DIAGONAL_LUNGE,Reverse Dumbbell Diagonal Lunge
LUNGE,REVERSE_LUNGE_WITH_REACH_BACK,Reverse Lunge with Reach Back
LUNGE,REVERSE_LUNGE_WITH_TWIST_AND_OVERHEAD_REACH,Reverse Lunge with Twist and Overhead Reach
LUNGE,REVERSE_SLIDING_BOX_LUNGE,Reverse Sliding Box Lunge
LUNGE,REVERSE_SLIDING_LUNGE,Reverse Sliding Lunge
LUNGE,RUNNERS_LUNGE_TO_BALANCE,Runner's Lunge to Balance
LUNGE,SCISSOR_POWER_SWITCH,Scissor Power Switch
LUNGE,SHIFTING_SIDE_LUNGE,Shifting Side Lunge
LUNGE,SIDE_AND_CROSSOVER_LUNGE,Side and Crossover Lunge
LUNGE,SIDE_LUNGE,Side Lunge
LUNGE,SIDE_LUNGE_AND_PRESS,Side Lunge and Press
LUNGE,SIDE_LUNGE_JUMP_OFF,Side Lunge Jump Off
LUNGE,SIDE_LUNGE_SWEEP,Side Lunge Sweep
LUNGE,SIDE_LUNGE_TO_CROSSOVER_TAP,Side Lunge to Crossover Tap
LUNGE,SIDE_TO_SIDE_LUNGE_CHOPS,Side-to-Side Lunge Chops
LUNGE,SIFF_JUMP_LUNGE,Siff Jump Lunge
LUNGE,SINGLE_ARM_REVERSE_LUNGE_AND_PRESS,Single-arm Reverse Lunge and Press
LUNGE,SLIDING_LATERAL_LUNGE,Sliding Lateral Lunge
LUNGE,WALKING_BARBELL_LUNGE,Walking Barbell Lunge
LUNGE,WALKING_DUMBBELL_LUNGE,Walking Dumbbell Lunge
LUNGE,WALKING_LUNGE,Walking Lunge
LUNGE,WEIGHTED_CURTSY_LUNGE,Weighted Curtsy Lunge
LUNGE,WEIGHTED_LUNGE,Weighted Lunge
LUNGE,WEIGHTED_LUNGE_MATRIX,Weighted Lunge Matrix
LUNGE,WEIGHTED_REVERSE_LUNGE_WITH_REACH_BACK,Weighted Reverse Lunge with Reach Back
LUNGE,WEIGHTED_REVERSE_LUNGE_WITH_TWIST_AND_OVERHEAD_REACH,Weighted Reverse Lunge with Twist and Overhead Reach
LUNGE,WEIGHTED_REVERSE_SLIDING_BOX_LUNGE,Weighted Reverse Sliding Box Lunge
LUNGE,WEIGHTED_REVERSE_SLIDING_LUNGE,Weighted Reverse Sliding Lunge
LUNGE,WEIGHTED_RUNNERS_LUNGE_TO_BALANCE,Weighted Runner's Lunge to Balance
LUNGE,WEIGHTED_SHIFTING_SIDE_LUNGE,Weighted Shifting Side Lunge
LUNGE,WEIGHTED_SIDE_AND_CROSSOVER_LUNGE,Weighted Side and Crossover Lunge
LUNGE,WEIGHTED_SIDE_LUNGE,Weighted Side Lunge
LUNGE,WEIGHTED_SIDE_LUNGE_AND_PRESS,Weighted Side Lunge and Press
LUNGE,WEIGHTED_SIDE_LUNGE_JUMP_OFF,Weighted Side Lunge Jump Off
LUNGE,WEIGHTED_SIDE_LUNGE_SWEEP,Weighted Side Lunge Sweep
LUNGE,WEIGHTED_SIDE_LUNGE_TO_CROSSOVER_TAP,Weighted Side Lunge to Crossover Tap
LUNGE,WEIGHTED_SIDE_TO_SIDE_LUNGE_CHOPS,Weighted Side-to-Side Lunge Chops
LUNGE,WEIGHTED_SIFF_JUMP_LUNGE,Weighted Siff Jump Lunge
LUNGE,WEIGHTED_SLIDING_LATERAL_LUNGE,Weighted Sliding Lateral Lunge
LUNGE,WEIGHTED_WALKING_LUNGE,Weighted Walking Lunge
LUNGE,WIDE_GRIP_OVERHEAD_BARBELL_SPLIT_SQUAT,Wide-grip Overhead Barbell Split Squat
OLYMPIC_LIFT,BARBELL_HANG_POWER_CLEAN,Barbell Hang Power Clean
OLYMPIC_LIFT,BARBELL_HANG_POWER_SNATCH,Barbell Hang Power Snatch
OLYMPIC_LIFT,BARBELL_HANG_PULL,Barbell Hang Pull
OLYMPIC_LIFT,BARBELL_HANG_SQUAT_CLEAN,Barbell Hang Squat Clean
OLYMPIC_LIFT,BARBELL_HIGH_PULL,Barbell High Pull
OLYMPIC_LIFT,BARBELL_POWER_CLEAN,Barbell Power Clean
OLYMPIC_LIFT,BARBELL_POWER_SNATCH,Barbell Power Snatch
OLYMPIC_LIFT,BARBELL_SNATCH,Barbell Snatch
OLYMPIC_LIFT,BARBELL_SPLIT_JERK,Barbell Split Jerk
OLYMPIC_LIFT,BARBELL_SQUAT_CLEAN,Barbell Squat Clean
OLYMPIC_LIFT,CLEAN,Barbell Clean
OLYMPIC_LIFT,CLEAN_AND_JERK,Clean and Jerk
OLYMPIC_LIFT,CLEAN_AND_PRESS,Clean and Press
OLYMPIC_LIFT,DUMBBELL_CLEAN,Dumbbell Clean
OLYMPIC_LIFT,DUMBBELL_HANG_PULL,Dumbbell Hang Pull
OLYMPIC_LIFT,DUMBBELL_HANG_SNATCH,Dumbbell Hang Snatch
OLYMPIC_LIFT,DUMBBELL_POWER_CLEAN_AND_JERK,Dumbbell Power Clean and Jerk
OLYMPIC_LIFT,DUMBBELL_POWER_CLEAN_AND_PUSH_PRESS,Dumbbell Power Clean and Push Press
OLYMPIC_LIFT,DUMBBELL_POWER_CLEAN_AND_STRICT_PRESS,Dumbbell Power Clean and Strict Press
OLYMPIC_LIFT,DUMBBELL_SNATCH,Dumbbell Snatch
OLYMPIC_LIFT,MEDICINE_BALL_CLEAN,Medicine Ball Clean
OLYMPIC_LIFT,OLYMPIC_LIFT,Olympic Lift
OLYMPIC_LIFT,ONE_HAND_DUMBBELL_SPLIT_SNATCH,One-hand Dumbbell Split Snatch
OLYMPIC_LIFT,PUSH_JERK,Push Jerk
OLYMPIC_LIFT,SINGLE_ARM_DUMBBELL_SNATCH,Single-arm Dumbbell Snatch
OLYMPIC_LIFT,SINGLE_ARM_HANG_SNATCH,Single-arm Hang Snatch
OLYMPIC_LIFT,SINGLE_ARM_KETTLEBELL_SNATCH,Single-arm Kettlebell Snatch
OLYMPIC_LIFT,SNATCH,Snatch
OLYMPIC_LIFT,SPLIT_JERK,Split Jerk
OLYMPIC_LIFT,SQUAT_CLEAN_AND_JERK,Squat Clean and Jerk
PLANK,BEAR_CRAWL,Bear Crawl
PLANK,CROSS_BODY_MOUNTAIN_CLIMBER,Cross-body Mountain Climber
PLANK,ELBOW_PLANK_PIKE_JACKS,Elbow Plank Pike Jacks
PLANK,ELEVATED_FEET_PLANK,Elevated-feet Plank
PLANK,ELEVATOR_ABS,Elevator Abs
PLANK,EXTENDED_PLANK,Extended Plank
PLANK,FULL_PLANK_PASSE_TWIST,Full Plank Passé Twist
PLANK,INCHING_ELBOW_PLANK,Inching Elbow Plank
PLANK,INCHWORM_TO_SIDE_PLANK,Inchworm to Side Plank
PLANK,KNEELING_PLANK,Kneeling Plank
PLANK,KNEELING_SIDE_PLANK_WITH_LEG_LIFT,Kneeling Side Plank with Leg Lift
PLANK,LATERAL_ROLL,Lateral Roll
PLANK,LYING_REVERSE_PLANK,Lying Reverse Plank
PLANK,MEDICINE_BALL_MOUNTAIN_CLIMBER,Medicine Ball Mountain Climber
PLANK,MODIFIED_MOUNTAIN_CLIMBER_AND_EXTENSION,Modified Mountain Climber and Extension
PLANK,MOUNTAIN_CLIMBER,Mountain Climber
PLANK,MOUNTAIN_CLIMBER_ON_SLIDING_DISCS,Mountain Climber on Sliding Discs
PLANK,MOUNTAIN_CLIMBER_WITH_FEET_ON_BOSU_BALL,Mountain Climber with Feet on Bosu® Balance Trainer
PLANK,MOUNTAIN_CLIMBER_WITH_HANDS_ON_BENCH,Mountain Climber with Hands on Bench
PLANK,MOUNTAIN_CLIMBER_WITH_HANDS_ON_SWISS_BALL,Mountain Climber with Hands on Swiss Ball
PLANK,PLANK,Plank
PLANK,PLANK_JACKS_WITH_FEET_ON_SLIDING_DISCS,Plank Jacks with Feet on Sliding Discs
PLANK,PLANK_KNEE_TWIST,Plank Knee Twist
PLANK,PLANK_PIKES,Plank Pikes
PLANK,PLANK_PIKE_JUMPS,Plank Pike Jumps
PLANK,PLANK_TO_STAND_UP,Plank to Stand-up
PLANK,PLANK_WITH_ARM_RAISE,Plank with Arm Raise
PLANK,PLANK_WITH_FEET_ON_SWISS_BALL,Plank with Feet on Swiss Ball
PLANK,PLANK_WITH_KNEE_TO_ELBOW,Plank with Knee-to-Elbow
PLANK,PLANK_WITH_LEG_LIFT,Plank with Leg Lift
PLANK,PLANK_WITH_OBLIQUE_CRUNCH,Plank with Oblique Crunch
PLANK,PLYOMETRIC_SIDE_PLANK,Plyometric Side Plank
PLANK,RING_PLANK_SPRAWLS,Ring Plank Sprawls
PLANK,ROLLING_SIDE_PLANK,Rolling Side Plank
PLANK,SIDE_KICK_PLANK,Side Kick Plank
PLANK,SIDE_PLANK,Side Plank
PLANK,SIDE_PLANK_AND_ROW,Side Plank and Row
PLANK,SIDE_PLANK_LIFT,Side Plank Lift
PLANK,SIDE_PLANK_TO_PLANK_WITH_REACH_UNDER,Side Plank to Plank with Reach Under
PLANK,SIDE_PLANK_WITH_ELBOW_ON_BOSU_BALL,Side Plank with Elbow on Bosu® Balance Trainer
PLANK,SIDE_PLANK_WITH_FEET_ON_BENCH,Side Plank with Feet on Bench
PLANK,SIDE_PLANK_WITH_KNEE_CIRCLE,Side Plank with Knee Circle
PLANK,SIDE_PLANK_WITH_KNEE_TUCK,Side Plank with Knee Tuck
PLANK,SIDE_PLANK_WITH_LEG_LIFT,Side Plank with Leg Lift
PLANK,SIDE_PLANK_WITH_REACH_UNDER,Side Plank with Reach Under
PLANK,SINGLE_LEG_ELEVATED_FEET_PLANK,Single-leg Elevated-feet Plank
PLANK,SINGLE_LEG_FLEX_AND_EXTEND,Single-leg Flex and Extend
PLANK,SINGLE_LEG_SIDE_PLANK,Single-leg Side Plank
PLANK,SPIDERMAN_PLANK,Spiderman Plank
PLANK,STRAIGHT_ARM_PLANK,Straight-arm Plank
PLANK,STRAIGHT_ARM_PLANK_WITH_SHOULDER_TOUCH,Straight-arm Plank with Shoulder Touch
PLANK,SWISS_BALL_PLANK,Swiss Ball Plank
PLANK,SWISS_BALL_PLANK_LEG_LIFT,Swiss Ball Plank Leg Lift
PLANK,SWISS_BALL_PLANK_LEG_LIFT_AND_HOLD,Swiss Ball Plank Leg Lift and Hold
PLANK,SWISS_BALL_PLANK_WITH_FEET_ON_BENCH,Swiss Ball Plank with Feet on Bench
PLANK,SWISS_BALL_PRONE_JACKKNIFE,Swiss Ball Prone Jackknife
PLANK,SWISS_BALL_SIDE_PLANK,Swiss Ball Side Plank
PLANK,THREE_WAY_PLANK,Three-way Plank
PLANK,TOWEL_PLANK_AND_KNEE_IN,Towel Plank and Knee-in
PLANK,TURKISH_GET_UP_TO_SIDE_PLANK,Turkish Get-up to Side Plank
PLANK,TWO_POINT_PLANK,Two-Point Plank
PLANK,T_STABILIZATION,T-Stabilization
PLANK,WEIGHTED_45_DEGREE_PLANK,Weighted 45-degree Plank
PLANK,WEIGHTED_90_DEGREE_STATIC_HOLD,Weighted 90-degree Static Hold
PLANK,WEIGHTED_BEAR_CRAWL,Weighted Bear Crawl
PLANK,WEIGHTED_CROSS_BODY_MOUNTAIN_CLIMBER,Weighted Cross-body Mountain Climber
PLANK,WEIGHTED_ELBOW_PLANK_PIKE_JACKS,Weighted Elbow Plank Pike Jacks
PLANK,WEIGHTED_ELEVATED_FEET_PLANK,Weighted Elevated-feet Plank
PLANK,WEIGHTED_ELEVATOR_ABS,Weighted Elevator Abs
PLANK,WEIGHTED_EXTENDED_PLANK,Weighted Extended Plank
PLANK,WEIGHTED_FULL_PLANK_PASSE_TWIST,Weighted Full Plank Passé Twist
PLANK,WEIGHTED_INCHING_ELBOW_PLANK,Weighted Inching Elbow Plank
PLANK,WEIGHTED_INCHWORM_TO_SIDE_PLANK,Weighted Inchworm to Side Plank
PLANK,WEIGHTED_KNEELING_PLANK,Weighted Kneeling Plank
PLANK,WEIGHTED_KNEELING_SIDE_PLANK_WITH_LEG_LIFT,Weighted Kneeling Side Plank with Leg Lift
PLANK,WEIGHTED_LATERAL_ROLL,Weighted Lateral Roll
PLANK,WEIGHTED_LYING_REVERSE_PLANK,Weighted Lying Reverse Plank
PLANK,WEIGHTED_MEDICINE_BALL_MOUNTAIN_CLIMBER,Weighted Medicine Ball Mountain Climber
PLANK,WEIGHTED_MODIFIED_MOUNTAIN_CLIMBER_AND_EXTENSION,Weighted Modified Mountain Climber and Extension
PLANK,WEIGHTED_MOUNTAIN_CLIMBER,Weighted Mountain Climber
PLANK,WEIGHTED_MOUNTAIN_CLIMBER_ON_SLIDING_DISCS,Weighted Mountain Climber on Sliding Discs
PLANK,WEIGHTED_MOUNTAIN_CLIMBER_WITH_FEET_ON_BOSU_BALL,Weighted Mountain Climber with Feet on Bosu® Balance Trainer
PLANK,WEIGHTED_MOUNTAIN_CLIMBER_WITH_HANDS_ON_BENCH,Weighted Mountain Climber with Hands on Bench
PLANK,WEIGHTED_MOUNTAIN_CLIMBER_WITH_HANDS_ON_SWISS_BALL,Weighted Mountain Climber with Hands on Swiss Ball
PLANK,WEIGHTED_PLANK,Weighted Plank
PLANK,WEIGHTED_PLANK_JACKS_WITH_FEET_ON_SLIDING_DISCS,Weighted Plank Jacks with Feet on Sliding Discs
PLANK,WEIGHTED_PLANK_KNEE_TWIST,Weighted Plank Knee Twist
PLANK,WEIGHTED_PLANK_PIKES,Weighted Plank Pikes
PLANK,WEIGHTED_PLANK_PIKE_JUMPS,Weighted Plank Pike Jumps
PLANK,WEIGHTED_PLANK_TO_STAND_UP,Weighted Plank to Stand-up
PLANK,WEIGHTED_PLANK_WITH_ARM_RAISE,Weighted Plank with Arm Raise
PLANK,WEIGHTED_PLANK_WITH_KNEE_TO_ELBOW,Weighted Plank with Knee-to-Elbow
PLANK,WEIGHTED_PLANK_WITH_OBLIQUE_CRUNCH,Weighted Plank with Oblique Crunch
PLANK,WEIGHTED_PLYOMETRIC_SIDE_PLANK,Weighted Plyometric Side Plank
PLANK,WEIGHTED_ROLLING_SIDE_PLANK,Weighted Rolling Side Plank
PLANK,WEIGHTED_SIDE_KICK_PLANK,Weighted Side Kick Plank
PLANK,WEIGHTED_SIDE_PLANK,Weighted Side Plank
PLANK,WEIGHTED_SIDE_PLANK_AND_ROW,Weighted Side Plank and Row
PLANK,WEIGHTED_SIDE_PLANK_LIFT,Weighted Side Plank Lift
PLANK,WEIGHTED_SIDE_PLANK_WITH_ELBOW_ON_BOSU_BALL,Weighted Side Plank with Elbow on Bosu® Balance Trainer
PLANK,WEIGHTED_SIDE_PLANK_WITH_FEET_ON_BENCH,Weighted Side Plank with Feet on Bench
PLANK,WEIGHTED_SIDE_PLANK_WITH_KNEE_CIRCLE,Weighted Side Plank with Knee Circle
PLANK,WEIGHTED_SIDE_PLANK_WITH_KNEE_TUCK,Weighted Side Plank with Knee Tuck
PLANK,WEIGHTED_SIDE_PLANK_WITH_LEG_LIFT,Weighted Side Plank with Leg Lift
PLANK,WEIGHTED_SIDE_PLANK_WITH_REACH_UNDER,Weighted Side Plank with Reach Under
PLANK,WEIGHTED_SINGLE_LEG_ELEVATED_FEET_PLANK,Weighted Single-leg Elevated-feet Plank
PLANK,WEIGHTED_SINGLE_LEG_FLEX_AND_EXTEND,Weighted Single-leg Flex and Extend
PLANK,WEIGHTED_SINGLE_LEG_SIDE_PLANK,Weighted Single-leg Side Plank
PLANK,WEIGHTED_SPIDERMAN_PLANK,Weighted Spiderman Plank
PLANK,WEIGHTED_STRAIGHT_ARM_PLANK,Weighted Straight-arm Plank
PLANK,WEIGHTED_STRAIGHT_ARM_PLANK_WITH_SHOULDER_TOUCH,Weighted Straight-arm Plank with Shoulder Touch
PLANK,WEIGHTED_SWISS_BALL_PLANK,Weighted Swiss Ball Plank
PLANK,WEIGHTED_SWISS_BALL_PLANK_LEG_LIFT,Weighted Swiss Ball Plank Leg Lift
PLANK,WEIGHTED_SWISS_BALL_PLANK_LEG_LIFT_AND_HOLD,Weighted Swiss Ball Plank Leg Lift and Hold
PLANK,WEIGHTED_SWISS_BALL_PLANK_WITH_FEET_ON_BENCH,Weighted Swiss Ball Plank with Feet on Bench
PLANK,WEIGHTED_SWISS_BALL_PRONE_JACKKNIFE,Weighted Swiss Ball Prone Jackknife
PLANK,WEIGHTED_SWISS_BALL_SIDE_PLANK,Weighted Swiss Ball Side Plank
PLANK,WEIGHTED_THREE_WAY_PLANK,Weighted Three-way Plank
PLANK,WEIGHTED_TOWEL_PLANK_AND_KNEE_IN,Weighted Towel Plank and Knee-in
PLANK,WEIGHTED_TURKISH_GET_UP_TO_SIDE_PLANK,Weighted Turkish Get-up to Side Plank
PLANK,WEIGHTED_TWO_POINT_PLANK,Weighted Two-Point Plank
PLANK,WEIGHTED_T_STABILIZATION,Weighted T-Stabilization
PLANK,WEIGHTED_WIDE_STANCE_PLANK_WITH_DIAGONAL_ARM_LIFT,Weighted Wide-stance Plank with Diagonal Arm Lift
PLANK,WEIGHTED_WIDE_STANCE_PLANK_WITH_DIAGONAL_LEG_LIFT,Weighted Wide-stance Plank with Diagonal Leg Lift
PLANK,WEIGHTED_WIDE_STANCE_PLANK_WITH_LEG_LIFT,Weighted Wide-stance Plank with Leg Lift
PLANK,WIDE_STANCE_PLANK_WITH_DIAGONAL_ARM_LIFT,Wide-stance Plank with Diagonal Arm Lift
PLANK,WIDE_STANCE_PLANK_WITH_DIAGONAL_LEG_LIFT,Wide-stance Plank with Diagonal Leg Lift
PLANK,WIDE_STANCE_PLANK_WITH_LEG_LIFT,Wide-stance Plank with Leg Lift
PLANK,WIDE_STANCE_PLANK_WITH_OPPOSITE_ARM_AND_LEG_LIFT,Wide-stance Plank with Opposite Arm and Leg Lift
PLANK,_45_DEGREE_PLANK,45-degree Plank
PLANK,_90_DEGREE_STATIC_HOLD,90-degree Static Hold
PLYO,ALTERNATING_JUMP_LUNGE,Alternating Jump Lunge
PLYO,BARBELL_JUMP_SQUAT,Barbell Jump Squat
PLYO,BODY_WEIGHT_JUMP_SQUAT,Body-weight Jump Squat
PLYO,BOX_JUMP,Box Jump
PLYO,BOX_JUMP_OVERS,Box Jump Overs
PLYO,BOX_JUMP_OVERS_OVER_THE_BOX,Box Jump Overs Over the Box
PLYO,CROSS_KNEE_STRIKE,Cross Knee Strike
PLYO,DEPTH_JUMP,Depth Jump
PLYO,DUMBBELL_JUMP_SQUAT,Dumbbell Jump Squat
PLYO,DUMBBELL_SPLIT_JUMP,Dumbbell Split Jump
PLYO,FRONT_KNEE_STRIKE,Front Knee Strike
PLYO,HIGH_BOX_JUMP,High Box Jump
PLYO,ISOMETRIC_EXPLOSIVE_BODY_WEIGHT_JUMP_SQUAT,Isometric-explosive Body-weight Jump Squat
PLYO,JUMP_SQUAT,Jump Squat
PLYO,LATERAL_LEAP_AND_HOP,Lateral Leap and Hop
PLYO,LATERAL_PLYO_SQUATS,Lateral Plyo Squats
PLYO,LATERAL_SLIDE,Lateral Slide
PLYO,MEDICINE_BALL_OVERHEAD_THROWS,Medicine Ball Overhead Throws
PLYO,MEDICINE_BALL_SIDE_THROW,Medicine Ball Side Throw
PLYO,MEDICINE_BALL_SLAM,Medicine Ball Slam
PLYO,PLYO,Plyo
PLYO,SIDE_TO_SIDE_MEDICINE_BALL_THROWS,Side-to-Side Medicine Ball Throws
PLYO,SIDE_TO_SIDE_SHUFFLE_JUMP,Side-to-Side Shuffle Jump
PLYO,SQUAT_JUMPS_IN_AND_OUT,Squat Jumps In and Out
PLYO,SQUAT_JUMP_ONTO_BOX,Squat Jump Onto Box
PLYO,STAR_JUMP_SQUATS,Star Jump Squats
PLYO,WEIGHTED_ALTERNATING_JUMP_LUNGE,Weighted Alternating Jump Lunge
PLYO,WEIGHTED_CROSS_KNEE_STRIKE,Weighted Cross Knee Strike
PLYO,WEIGHTED_DEPTH_JUMP,Weighted Depth Jump
PLYO,WEIGHTED_FRONT_KNEE_STRIKE,Weighted Front Knee Strike
PLYO,WEIGHTED_HIGH_BOX_JUMP,Weighted High Box Jump
PLYO,WEIGHTED_ISOMETRIC_EXPLOSIVE_JUMP_SQUAT,Weighted Isometric-explosive Jump Squat
PLYO,WEIGHTED_JUMP_SQUAT,Weighted Jump Squat
PLYO,WEIGHTED_LATERAL_LEAP_AND_HOP,Weighted Lateral Leap and Hop
PLYO,WEIGHTED_LATERAL_PLYO_SQUATS,Weighted Lateral Plyo Squats
PLYO,WEIGHTED_LATERAL_SLIDE,Weighted Lateral Slide
PLYO,WEIGHTED_SIDE_TO_SIDE_SHUFFLE_JUMP,Weighted Side-to-Side Shuffle Jump
PLYO,WEIGHTED_SQUAT_JUMPS_IN_AND_OUT,Weighted Squat Jumps In and Out
PLYO,WEIGHTED_SQUAT_JUMP_ONTO_BOX,Weighted Squat Jump Onto Box
PULL_UP,BANDED_PULL_UPS,Banded Pull-ups (Progression)
PULL_UP,BAND_ASSISTED_CHIN_UP,Band-assisted Chin-up
PULL_UP,BAND_ASSISTED_PULL_UP,Band-assisted Pull-up
PULL_UP,BURPEE_PULL_UP,Burpee Pull-up
PULL_UP,CHIN_UP,Chin-up
PULL_UP,CLOSE_GRIP_CHIN_UP,Close-grip Chin-up
PULL_UP,CLOSE_GRIP_LAT_PULLDOWN,Close-grip Lat Pull-down
PULL_UP,CROSSOVER_CHIN_UP,Crossover Chin-up
PULL_UP,EZ_BAR_PULLOVER,EZ-Bar Pull-over
PULL_UP,HANGING_HURDLE,Hanging Hurdle
PULL_UP,JUMPING_PULL_UPS,Jumping Pull-ups
PULL_UP,KIPPING_PULL_UP,Kipping Pull-up
PULL_UP,KNEELING_LAT_PULLDOWN,Kneeling Lat Pull-down
PULL_UP,KNEELING_UNDERHAND_GRIP_LAT_PULLDOWN,Kneeling Underhand-grip Lat Pull-down
PULL_UP,LAT_PULLDOWN,Lat Pull-down
PULL_UP,L_PULL_UP,L Pull-up
PULL_UP,MIXED_GRIP_CHIN_UP,Mixed-grip Chin-up
PULL_UP,MIXED_GRIP_PULL_UP,Mixed-grip Pull-up
PULL_UP,NEUTRAL_GRIP_CHIN_UP,Neutral-grip Chin-up
PULL_UP,NEUTRAL_GRIP_PULL_UP,Neutral-grip Pull-up
PULL_UP,PULL_UP,Pull-up
PULL_UP,REVERSE_GRIP_PULLDOWN,Reverse-grip Pull-down
PULL_UP,STANDING_CABLE_PULLOVER,Standing Cable Pull-over
PULL_UP,STRAIGHT_ARM_PULLDOWN,Straight-arm Pull-down
PULL_UP,SUSPENDED_CHIN_UP,Suspended Chin-up
PULL_UP,SWISS_BALL_EZ_BAR_PULLOVER,Swiss Ball EZ-Bar Pull-over
PULL_UP,TOWEL_PULL_UP,Towel Pull-up
PULL_UP,WEIGHTED_BURPEE_PULL_UP,Weighted Burpee Pull-up
PULL_UP,WEIGHTED_CHIN_UP,Weighted Chin-up
PULL_UP,WEIGHTED_CLOSE_GRIP_CHIN_UP,Weighted Close-grip Chin-up
PULL_UP,WEIGHTED_CROSSOVER_CHIN_UP,Weighted Crossover Chin-up
PULL_UP,WEIGHTED_HANGING_HURDLE,Weighted Hanging Hurdle
PULL_UP,WEIGHTED_JUMPING_PULL_UPS,Weighted Jumping Pull-ups
PULL_UP,WEIGHTED_KIPPING_PULL_UP,Weighted Kipping Pull-up
PULL_UP,WEIGHTED_L_PULL_UP,Weighted L Pull-up
PULL_UP,WEIGHTED_MIXED_GRIP_CHIN_UP,Weighted Mixed-grip Chin-up
PULL_UP,WEIGHTED_MIXED_GRIP_PULL_UP,Weighted Mixed-grip Pull-up
PULL_UP,WEIGHTED_NEUTRAL_GRIP_CHIN_UP,Weighted Neutral-grip Chin-up
PULL_UP,WEIGHTED_NEUTRAL_GRIP_PULL_UP,Weighted Neutral-grip Pull-up
PULL_UP,WEIGHTED_PULL_UP,Weighted Pull-up
PULL_UP,WEIGHTED_SUSPENDED_CHIN_UP,Weighted Suspended Chin-up
PULL_UP,WEIGHTED_TOWEL_PULL_UP,Weighted Towel Pull-up
PULL_UP,WEIGHTED_WIDE_GRIP_PULL_UP,Weighted Wide-grip Pull-up
PULL_UP,WIDE_GRIP_LAT_PULLDOWN,Wide-grip Lat Pull-down
PULL_UP,WIDE_GRIP_PULL_UP,Wide-grip Pull-up
PULL_UP,_30_DEGREE_LAT_PULLDOWN,30-degree Lat Pull-down
PUSH_UP,ALTERNATING_HANDS_MEDICINE_BALL_PUSH_UP,Alternating-hands Medicine Ball Push-up
PUSH_UP,ALTERNATING_STAGGERED_PUSH_UP,Alternating Staggered Push-up
PUSH_UP,BICEPS_PUSH_UP,Biceps Push-up
PUSH_UP,BOSU_BALL_PUSH_UP,Push-up on Bosu® Balance Trainer
PUSH_UP,CHEST_PRESS_WITH_BAND,Chest Press with Band
PUSH_UP,CLAPPING_PUSH_UP,Clapping Push-up
PUSH_UP,CLOSE_GRIP_MEDICINE_BALL_PUSH_UP,Close-grip Medicine Ball Push-up
PUSH_UP,CLOSE_HANDS_PUSH_UP,Close-hands Push-up
PUSH_UP,DECLINE_PUSH_UP,Decline Push-up
PUSH_UP,DIAMOND_PUSH_UP,Diamond Push-up
PUSH_UP,DYNAMIC_PUSH_UP,Dynamic Push-up
PUSH_UP,EXPLOSIVE_CROSSOVER_PUSH_UP,Explosive Crossover Push-up
PUSH_UP,EXPLOSIVE_PUSH_UP,Explosive Push-up
PUSH_UP,FEET_ELEVATED_SIDE_TO_SIDE_PUSH_UP,Feet-elevated Side-to-Side Push-up
PUSH_UP,HANDSTAND_PUSH_UP,Handstand Push-up
PUSH_UP,HAND_RELEASE_PUSH_UP,Hand Release Push-up
PUSH_UP,HINDU_PUSH_UP,Hindu Push-up
PUSH_UP,INCLINE_PUSH_UP,Incline Push-up
PUSH_UP,ISOMETRIC_EXPLOSIVE_PUSH_UP,Isometric-explosive Push-up
PUSH_UP,JUDO_PUSH_UP,Judo Push-up
PUSH_UP,KIPPING_HANDSTAND_PUSH_UP,Kipping Handstand Push-up
PUSH_UP,KIPPING_PARALLETTE_HANDSTAND_PUSH_UP,Kipping Parallette Handstand Push-up
PUSH_UP,KNEELING_PUSH_UP,Kneeling Push-up
PUSH_UP,MEDICINE_BALL_CHEST_PASS,Medicine Ball Chest Pass
PUSH_UP,MEDICINE_BALL_PUSH_UP,Medicine Ball Push-up
PUSH_UP,ONE_ARM_PUSH_UP,One-arm Push-up
PUSH_UP,PARALLETTE_HANDSTAND_PUSH_UP,Parallette Handstand Push-up
PUSH_UP,PIKE_PUSH_UP,Pike Push-up
PUSH_UP,PUSH_UP,Push-up
PUSH_UP,PUSH_UP_AND_ROW,Push-up and Row
PUSH_UP,PUSH_UP_PLUS,Push-up Plus
PUSH_UP,PUSH_UP_WITH_FEET_ON_SWISS_BALL,Push-up with Feet on Swiss Ball
PUSH_UP,PUSH_UP_WITH_ONE_HAND_ON_MEDICINE_BALL,Push-up with One Hand on Medicine Ball
PUSH_UP,RING_HANDSTAND_PUSH_UP,Ring Handstand Push-up
PUSH_UP,RING_PUSH_UP,Ring Push-up
PUSH_UP,SHOULDER_PUSH_UP,Shoulder Push-up
PUSH_UP,SHOULDER_TAPPING_PUSH_UP,Shoulder Tapping Push-up
PUSH_UP,SINGLE_ARM_MEDICINE_BALL_PUSH_UP,Single-arm Medicine Ball Push-up
PUSH_UP,SPIDERMAN_PUSH_UP,Spiderman Push-up
PUSH_UP,STACKED_FEET_PUSH_UP,Stacked-feet Push-up
PUSH_UP,STAGGERED_HANDS_PUSH_UP,Staggered-hands Push-up
PUSH_UP,SUSPENDED_PUSH_UP,Suspended Push-up
PUSH_UP,SWISS_BALL_PUSH_UP,Swiss Ball Push-up
PUSH_UP,SWISS_BALL_PUSH_UP_PLUS,Swiss Ball Push-up Plus
PUSH_UP,TRIPLE_STOP_PUSH_UP,Triple-stop Push-up
PUSH_UP,T_PUSH_UP,T Push-up
PUSH_UP,WEIGHTED_ALTERNATING_HANDS_MEDICINE_BALL_PUSH_UP,Weighted Alternating-hands Medicine Ball Push-up
PUSH_UP,WEIGHTED_ALTERNATING_STAGGERED_PUSH_UP,Weighted Alternating Staggered Push-up
PUSH_UP,WEIGHTED_BICEPS_PUSH_UP,Weighted Biceps Push-up
PUSH_UP,WEIGHTED_BOSU_BALL_PUSH_UP,Weighted Push-up on Bosu® Balance Trainer
PUSH_UP,WEIGHTED_CLAPPING_PUSH_UP,Weighted Clapping Push-up
PUSH_UP,WEIGHTED_CLOSE_GRIP_MEDICINE_BALL_PUSH_UP,Weighted Close-grip Medicine Ball Push-up
PUSH_UP,WEIGHTED_CLOSE_HANDS_PUSH_UP,Weighted Close-hands Push-up
PUSH_UP,WEIGHTED_DECLINE_PUSH_UP,Weighted Decline Push-up
PUSH_UP,WEIGHTED_DIAMOND_PUSH_UP,Weighted Diamond Push-up
PUSH_UP,WEIGHTED_EXPLOSIVE_CROSSOVER_PUSH_UP,Weighted Explosive Crossover Push-up
PUSH_UP,WEIGHTED_EXPLOSIVE_PUSH_UP,Weighted Explosive Push-up
PUSH_UP,WEIGHTED_FEET_ELEVATED_SIDE_TO_SIDE_PUSH_UP,Weighted Feet-elevated Side-to-Side Push-up
PUSH_UP,WEIGHTED_HANDSTAND_PUSH_UP,Weighted Handstand Push-up
PUSH_UP,WEIGHTED_HAND_RELEASE_PUSH_UP,Weighted Hand Release Push-up
PUSH_UP,WEIGHTED_HINDU_PUSH_UP,Weighted Hindu Push-up
PUSH_UP,WEIGHTED_INCLINE_PUSH_UP,Weighted Incline Push-up
PUSH_UP,WEIGHTED_ISOMETRIC_EXPLOSIVE_PUSH_UP,Weighted Isometric-explosive Push-up
PUSH_UP,WEIGHTED_JUDO_PUSH_UP,Weighted Judo Push-up
PUSH_UP,WEIGHTED_KNEELING_PUSH_UP,Weighted Kneeling Push-up
PUSH_UP,WEIGHTED_MEDICINE_BALL_PUSH_UP,Weighted Medicine Ball Push-up
PUSH_UP,WEIGHTED_ONE_ARM_PUSH_UP,Weighted One-arm Push-up
PUSH_UP,WEIGHTED_PARALLETTE_HANDSTAND_PUSH_UP,Weighted Parallette Handstand Push-up
PUSH_UP,WEIGHTED_PIKE_PUSH_UP,Weighted Pike Push-up
PUSH_UP,WEIGHTED_PUSH_UP,Weighted Push-up
PUSH_UP,WEIGHTED_PUSH_UP_AND_ROW,Weighted Push-up and Row
PUSH_UP,WEIGHTED_PUSH_UP_PLUS,Weighted Push-up Plus
PUSH_UP,WEIGHTED_PUSH_UP_WITH_FEET_ON_SWISS_BALL,Weighted Push-up with Feet on Swiss Ball
PUSH_UP,WEIGHTED_PUSH_UP_WITH_ONE_HAND_ON_MEDICINE_BALL,Weighted Push-up with One Hand on Medicine Ball
PUSH_UP,WEIGHTED_RING_HANDSTAND_PUSH_UP,Weighted Ring Handstand Push-up
PUSH_UP,WEIGHTED_RING_PUSH_UP,Weighted Ring Push-up
PUSH_UP,WEIGHTED_SHOULDER_PUSH_UP,Weighted Shoulder Push-up
PUSH_UP,WEIGHTED_SINGLE_ARM_MEDICINE_BALL_PUSH_UP,Weighted Single-arm Medicine Ball Push-up
PUSH_UP,WEIGHTED_SPIDERMAN_PUSH_UP,Weighted Spiderman Push-up
PUSH_UP,WEIGHTED_STACKED_FEET_PUSH_UP,Weighted Stacked-feet Push-up
PUSH_UP,WEIGHTED_STAGGERED_HANDS_PUSH_UP,Weighted Staggered-hands Push-up
PUSH_UP,WEIGHTED_SUSPENDED_PUSH_UP,Weighted Suspended Push-up
PUSH_UP,WEIGHTED_SWISS_BALL_PUSH_UP,Weighted Swiss Ball Push-up
PUSH_UP,WEIGHTED_SWISS_BALL_PUSH_UP_PLUS,Weighted Swiss Ball Push-up Plus
PUSH_UP,WEIGHTED_TRIPLE_STOP_PUSH_UP,Weighted Triple-stop Push-up
PUSH_UP,WEIGHTED_T_PUSH_UP,Weighted T Push-up
PUSH_UP,WEIGHTED_WIDE_HANDS_PUSH_UP,Weighted Wide-hands Push-up
PUSH_UP,WIDE_GRIP_PUSH_UP,Wide-grip Push-up
PUSH_UP,WIDE_HANDS_PUSH_UP,Wide-hands Push-up
ROW,ALTERNATING_DUMBBELL_ROW,Alternating Dumbbell Row
ROW,BANDED_FACE_PULLS,Banded Face Pulls
ROW,BARBELL_ROW,Barbell Row
ROW,BARBELL_STRAIGHT_LEG_DEADLIFT_TO_ROW,Barbell Straight-leg Deadlift to Row
ROW,BENT_OVER_ROW_WITH_BARBELL,Bent-over Row with Barbell
ROW,BENT_OVER_ROW_WITH_DUMBELL,Bent-over Row with Dumbbell
ROW,CABLE_ROW_STANDING,Cable Row Standing
ROW,CHEST_SUPPORTED_DUMBBELL_ROW,Chest Supported Dumbbell Row
ROW,DECLINE_RING_ROW,Decline Ring Row
ROW,DUMBBELL_ROW,Dumbbell Row
ROW,ELEVATED_FEET_INVERTED_ROW,Elevated-feet Inverted Row
ROW,ELEVATED_RING_ROW,Elevated Ring Row
ROW,FACE_PULL,Face Pull
ROW,FACE_PULL_WITH_EXTERNAL_ROTATION,Face Pull with External Rotation
ROW,INDOOR_ROW,Rowing Machine
ROW,INVERTED_ROW,Inverted Row
ROW,INVERTED_ROW_WITH_FEET_ON_SWISS_BALL,Inverted Row with Feet on Swiss Ball
ROW,KETTLEBELL_ROW,Kettlebell Row
ROW,MODIFIED_INVERTED_ROW,Modified Inverted Row
ROW,NEUTRAL_GRIP_ALTERNATING_DUMBBELL_ROW,Neutral-grip Alternating Dumbbell Row
ROW,ONE_ARM_BENT_OVER_ROW,One-arm Bent-over Row
ROW,ONE_LEGGED_DUMBBELL_ROW,One-legged Dumbbell Row
ROW,RENEGADE_ROW,Renegade Row
ROW,REVERSE_GRIP_BARBELL_ROW,Reverse-grip Barbell Row
ROW,RING_ROW,Ring Row
ROW,ROPE_HANDLE_CABLE_ROW,Rope-handle Cable Row
ROW,ROW,Row
ROW,SEATED_CABLE_ROW,Seated Cable Row
ROW,SEATED_DUMBBELL_ROW,Seated Dumbbell Row
ROW,SEATED_UNDERHAND_GRIP_CABLE_ROW,Seated Underhand-grip Cable Row
ROW,SINGLE_ARM_CABLE_ROW,Single-arm Cable Row
ROW,SINGLE_ARM_CABLE_ROW_AND_ROTATION,Single-arm Cable Row and Rotation
ROW,SINGLE_ARM_INVERTED_ROW,Single-arm Inverted Row
ROW,SINGLE_ARM_NEUTRAL_GRIP_DUMBBELL_ROW,Single-arm Neutral-grip Dumbbell Row
ROW,SINGLE_ARM_NEUTRAL_GRIP_DUMBBELL_ROW_AND_ROTATION,Single-arm Neutral-grip Dumbbell Row and Rotation
ROW,SUSPENDED_INVERTED_ROW,Suspended Inverted Row
ROW,TOWEL_GRIP_INVERTED_ROW,Towel-grip Inverted Row
ROW,TRX_INVERTED_ROW,TRX Inverted Row
ROW,T_BAR_ROW,T-Bar Row
ROW,UNDERHAND_GRIP_CABLE_ROW,Underhand-grip Cable Row
ROW,V_GRIP_CABLE_ROW,V-grip Cable Row
ROW,WEIGHTED_ELEVATED_FEET_INVERTED_ROW,Weighted Elevated-feet Inverted Row
ROW,WEIGHTED_INVERTED_ROW,Weighted Inverted Row
ROW,WEIGHTED_INVERTED_ROW_WITH_FEET_ON_SWISS_BALL,Weighted Inverted Row with Feet on Swiss Ball
ROW,WEIGHTED_MODIFIED_INVERTED_ROW,Weighted Modified Inverted Row
ROW,WEIGHTED_ROW,Weighted Row
ROW,WEIGHTED_SINGLE_ARM_INVERTED_ROW,Weighted Single-arm Inverted Row
ROW,WEIGHTED_SUSPENDED_INVERTED_ROW,Weighted Suspended Inverted Row
ROW,WEIGHTED_TOWEL_GRIP_INVERTED_ROW,Weighted Towel-grip Inverted Row
ROW,WEIGHTED_TRX_INVERTED_ROW,Weighted TRX Inverted Row
ROW,WIDE_GRIP_SEATED_CABLE_ROW,Wide-grip Seated Cable Row
RUN,JOG,Jog
RUN,RUN,Run
RUN,RUN_OR_WALK,Run or Walk
RUN,SPRINT,Sprint
RUN,WALK,Walk
RUN_INDOOR,INDOOR_TRACK_RUN,Indoor Track Run
RUN_INDOOR,RUN_INDOOR,Run Indoor
RUN_INDOOR,TREADMILL,Treadmill
SANDBAG,AROUND_THE_WORLD,Sandbag Around the World
SANDBAG,BACK_SQUAT,Sandbag Back Squat
SANDBAG,BEAR_CRAWL_PULL_THROUGH,Sandbag Bear Crawl Pull-through
SANDBAG,BEAR_HUG_SQUAT,Sandbag Bear Hug Squat
SANDBAG,CLEAN,Sandbag Clean
SANDBAG,CLEAN_AND_PRESS,Sandbag Clean and Press
SANDBAG,CURL,Sandbag Curl
SANDBAG,FRONT_CARRY,Sandbag Front Carry
SANDBAG,FRONT_SQUAT,Sandbag Front Squat
SANDBAG,LUNGE,Sandbag Lunge
SANDBAG,OVERHEAD_PRESS,Sandbag Overhead Press
SANDBAG,PLANK_PULL_THROUGH,Sandbag Plank Pull-through
SANDBAG,ROTATIONAL_LUNGE,Sandbag Rotational Lunge
SANDBAG,ROW,Sandbag Row
SANDBAG,RUSSIAN_TWIST,Sandbag Russian Twist
SANDBAG,SANDBAG,Sandbag
SANDBAG,SHOULDERING,Sandbag Shouldering
SANDBAG,SHOVELING,Sandbag Shoveling
SANDBAG,SIDE_LUNGE,Sandbag Side Lunge
SANDBAG,SPRINT,Sandbag Sprint
SANDBAG,ZERCHER_SQUAT,Sandbag Zercher Squat
SHOULDER_PRESS,ALTERNATING_DUMBBELL_SHOULDER_PRESS,Alternating Dumbbell Shoulder Press
SHOULDER_PRESS,ARNOLD_PRESS,Arnold Press
SHOULDER_PRESS,BARBELL_FRONT_SQUAT_TO_PUSH_PRESS,Barbell Front Squat to Push Press
SHOULDER_PRESS,BARBELL_PUSH_PRESS,Barbell Push Press
SHOULDER_PRESS,BARBELL_SHOULDER_PRESS,Barbell Shoulder Press
SHOULDER_PRESS,DEAD_CURL_PRESS,Dead-curl Press
SHOULDER_PRESS,DUMBBELL_ALTERNATING_SHOULDER_PRESS_AND_TWIST,Dumbbell Alternating Shoulder Press and Twist
SHOULDER_PRESS,DUMBBELL_FRONT_RAISE,Dumbbell Front Raise
SHOULDER_PRESS,DUMBBELL_HAMMER_CURL_TO_LUNGE_TO_PRESS,Dumbbell Hammer Curl to Lunge to Press
SHOULDER_PRESS,DUMBBELL_PUSH_PRESS,Dumbbell Push Press
SHOULDER_PRESS,DUMBBELL_SHOULDER_PRESS,Dumbbell Shoulder Press
SHOULDER_PRESS,FLOOR_INVERTED_SHOULDER_PRESS,Floor Inverted Shoulder Press
SHOULDER_PRESS,INVERTED_SHOULDER_PRESS,Inverted Shoulder Press
SHOULDER_PRESS,MILITARY_PRESS,Military Press
SHOULDER_PRESS,ONE_ARM_PUSH_PRESS,One-arm Push Press
SHOULDER_PRESS,OVERHEAD_BARBELL_PRESS,Barbell Overhead Press
SHOULDER_PRESS,OVERHEAD_DUMBBELL_PRESS,Overhead Dumbbell Press
SHOULDER_PRESS,SEATED_BARBELL_SHOULDER_PRESS,Seated Barbell Shoulder Press
SHOULDER_PRESS,SEATED_DUMBBELL_SHOULDER_PRESS,Seated Dumbbell Shoulder Press
SHOULDER_PRESS,SHOULDER_PRESS,Shoulder Press
SHOULDER_PRESS,SINGLE_ARM_DUMBBELL_SHOULDER_PRESS,Single-arm Dumbbell Shoulder Press
SHOULDER_PRESS,SINGLE_ARM_STEP_UP_AND_PRESS,Single-arm Step-up and Press
SHOULDER_PRESS,SMITH_MACHINE_OVERHEAD_PRESS,Smith Machine Overhead Press
SHOULDER_PRESS,SPLIT_STANCE_HAMMER_CURL_TO_PRESS,Split-stance Hammer Curl to Press
SHOULDER_PRESS,STRICT_PRESS,Strict Press
SHOULDER_PRESS,SWISS_BALL_DUMBBELL_SHOULDER_PRESS,Swiss Ball Dumbbell Shoulder Press
SHOULDER_PRESS,WEIGHTED_FLOOR_INVERTED_SHOULDER_PRESS,Weighted Floor Inverted Shoulder Press
SHOULDER_PRESS,WEIGHTED_INVERTED_SHOULDER_PRESS,Weighted Inverted Shoulder Press
SHOULDER_PRESS,WEIGHT_PLATE_FRONT_RAISE,Weight-plate Front Raise
SHOULDER_STABILITY,BAND_EXTERNAL_ROTATION,Band External Rotation
SHOULDER_STABILITY,BAND_INTERNAL_ROTATION,Band Internal Rotation
SHOULDER_STABILITY,BENT_ARM_LATERAL_RAISE_AND_EXTERNAL_ROTATION,Bent-arm Lateral Raise and External Rotation
SHOULDER_STABILITY,CABLE_EXTERNAL_ROTATION,Cable External Rotation
SHOULDER_STABILITY,CABLE_INTERNAL_ROTATION,Cable Internal Rotation
SHOULDER_STABILITY,DUMBBELL_FACE_PULL_WITH_EXTERNAL_ROTATION,Dumbbell Face Pull with External Rotation
SHOULDER_STABILITY,FLOOR_I_RAISE,Floor I Raise
SHOULDER_STABILITY,FLOOR_T_RAISE,Floor T Raise
SHOULDER_STABILITY,FLOOR_Y_RAISE,Floor Y Raise
SHOULDER_STABILITY,INCLINE_I_RAISE,Incline I Raise
SHOULDER_STABILITY,INCLINE_L_RAISE,Incline L Raise
SHOULDER_STABILITY,INCLINE_T_RAISE,Incline T Raise
SHOULDER_STABILITY,INCLINE_W_RAISE,Incline W Raise
SHOULDER_STABILITY,INCLINE_Y_RAISE,Incline Y Raise
SHOULDER_STABILITY,LYING_EXTERNAL_ROTATION,Lying External Rotation
SHOULDER_STABILITY,LYING_INTERNAL_ROTATION,Lying Internal Rotation
SHOULDER_STABILITY,SEATED_DUMBBELL_EXTERNAL_ROTATION,Seated Dumbbell External Rotation
SHOULDER_STABILITY,SEATED_DUMBBELL_INTERNAL_ROTATION,Seated Dumbbell Internal Rotation
SHOULDER_STABILITY,SHOULDER_STABILITY,Shoulder Stability
SHOULDER_STABILITY,STANDING_L_RAISE,Standing L Raise
SHOULDER_STABILITY,SWISS_BALL_I_RAISE,Swiss Ball I Raise
SHOULDER_STABILITY,SWISS_BALL_T_RAISE,Swiss Ball T Raise
SHOULDER_STABILITY,SWISS_BALL_W_RAISE,Swiss Ball W Raise
SHOULDER_STABILITY,SWISS_BALL_Y_RAISE,Swiss Ball Y Raise
SHOULDER_STABILITY,WEIGHTED_FLOOR_I_RAISE,Weighted Floor I Raise
SHOULDER_STABILITY,WEIGHTED_FLOOR_T_RAISE,Weighted Floor T Raise
SHOULDER_STABILITY,WEIGHTED_FLOOR_Y_RAISE,Weighted Floor Y Raise
SHOULDER_STABILITY,WEIGHTED_INCLINE_I_RAISE,Weighted Incline I Raise
SHOULDER_STABILITY,WEIGHTED_INCLINE_L_RAISE,Weighted Incline L Raise
SHOULDER_STABILITY,WEIGHTED_INCLINE_T_RAISE,Weighted Incline T Raise
SHOULDER_STABILITY,WEIGHTED_INCLINE_W_RAISE,Weighted Incline W Raise
SHOULDER_STABILITY,WEIGHTED_INCLINE_Y_RAISE,Weighted Incline Y Raise
SHOULDER_STABILITY,WEIGHTED_SWISS_BALL_I_RAISE,Weighted Swiss Ball I Raise
SHOULDER_STABILITY,WEIGHTED_SWISS_BALL_T_RAISE,Weighted Swiss Ball T Raise
SHOULDER_STABILITY,WEIGHTED_SWISS_BALL_W_RAISE,Weighted Swiss Ball W Raise
SHOULDER_STABILITY,WEIGHTED_SWISS_BALL_Y_RAISE,Weighted Swiss Ball Y Raise
SHOULDER_STABILITY,_90_DEGREE_CABLE_EXTERNAL_ROTATION,90-degree Cable External Rotation
SHRUG,BARBELL_JUMP_SHRUG,Barbell Jump Shrug
SHRUG,BARBELL_SHRUG,Barbell Shrug
SHRUG,BARBELL_UPRIGHT_ROW,Barbell Upright Row
SHRUG,BEHIND_THE_BACK_SHRUG,Behind-the-Back Shrug
SHRUG,BEHIND_THE_BACK_SMITH_MACHINE_SHRUG,Behind-the-Back Smith Machine Shrug
SHRUG,DUMBBELL_JUMP_SHRUG,Dumbbell Jump Shrug
SHRUG,DUMBBELL_SHRUG,Dumbbell Shrug
SHRUG,DUMBBELL_UPRIGHT_ROW,Dumbbell Upright Row
SHRUG,INCLINE_DUMBBELL_SHRUG,Incline Dumbbell Shrug
SHRUG,OVERHEAD_BARBELL_SHRUG,Overhead Barbell Shrug
SHRUG,OVERHEAD_DUMBBELL_SHRUG,Overhead Dumbbell Shrug
SHRUG,SCAPTION_AND_SHRUG,Scaption and Shrug
SHRUG,SCAPULAR_RETRACTION,Scapular Retraction
SHRUG,SERRATUS_CHAIR_SHRUG,Serratus Chair Shrug
SHRUG,SERRATUS_SHRUG,Serratus Shrug
SHRUG,SHRUG,Shrug
SHRUG,UPRIGHT_ROW,Upright Row
SHRUG,WEIGHTED_SERRATUS_CHAIR_SHRUG,Weighted Serratus Chair Shrug
SHRUG,WEIGHTED_SERRATUS_SHRUG,Weighted Serratus Shrug
SHRUG,WIDE_GRIP_BARBELL_SHRUG,Wide-grip Barbell Shrug
SHRUG,WIDE_GRIP_JUMP_SHRUG,Wide-grip Jump Shrug
SIT_UP,ALTERNATING_SIT_UP,Alternating Sit-up
SIT_UP,BENT_KNEE_V_UP,Bent-knee V-up
SIT_UP,BUTTERFLY_SIT_UP,Butterfly Sit-up
SIT_UP,CROSSED_ARMS_SIT_UP,Crossed-arms Sit-up
SIT_UP,CROSS_PUNCH_ROLL_UP,Cross Punch Roll-up
SIT_UP,GET_UP_SIT_UP,Get-up Sit-up
SIT_UP,GHD_SIT_UPS,GHD Sit-ups
SIT_UP,HOVERING_SIT_UP,Hovering Sit-up
SIT_UP,KETTLEBELL_SIT_UP,Kettlebell Sit-up
SIT_UP,MEDICINE_BALL_ALTERNATING_V_UP,Medicine Ball Alternating V-up
SIT_UP,MEDICINE_BALL_SIT_UP,Medicine Ball Sit-up
SIT_UP,MEDICINE_BALL_V_UP,Medicine Ball V-up
SIT_UP,MODIFIED_SIT_UP,Modified Sit-up
SIT_UP,NEGATIVE_SIT_UP,Negative Sit-up
SIT_UP,ONE_ARM_FULL_SIT_UP,One-arm Full Sit-up
SIT_UP,RECLINING_CIRCLE,Reclining Circle
SIT_UP,REVERSE_CURL_UP,Reverse Curl-up
SIT_UP,RUSSIAN_TWIST_ON_SWISS_BALL,Russian Twist on Swiss Ball
SIT_UP,SINGLE_LEG_SWISS_BALL_JACKKNIFE,Single-leg Swiss Ball Jackknife
SIT_UP,SIT_UP,Sit-up
SIT_UP,SIT_UP_TURKISH_GET_UP,Sit-up Turkish Get-up
SIT_UP,THE_TEASER,The Teaser
SIT_UP,THE_TEASER_WEIGHTED,"The Teaser, Weighted"
SIT_UP,THREE_PART_ROLL_DOWN,Three-part Roll-down
SIT_UP,V_UP,V-up
SIT_UP,WEIGHTED_ALTERNATING_SIT_UP,Weighted Alternating Sit-up
SIT_UP,WEIGHTED_BENT_KNEE_V_UP,Weighted Bent-knee V-up
SIT_UP,WEIGHTED_BUTTERFLY_SITUP,Weighted Butterfly Sit-up
SIT_UP,WEIGHTED_CROSSED_ARMS_SIT_UP,Weighted Crossed-arms Sit-up
SIT_UP,WEIGHTED_CROSS_PUNCH_ROLL_UP,Weighted Cross Punch Roll-up
SIT_UP,WEIGHTED_GET_UP_SIT_UP,Weighted Get-up Sit-up
SIT_UP,WEIGHTED_HOVERING_SIT_UP,Weighted Hovering Sit-up
SIT_UP,WEIGHTED_RECLINING_CIRCLE,Weighted Reclining Circle
SIT_UP,WEIGHTED_REVERSE_CURL_UP,Weighted Reverse Curl-up
SIT_UP,WEIGHTED_RUSSIAN_TWIST_ON_SWISS_BALL,Weighted Russian Twist on Swiss Ball
SIT_UP,WEIGHTED_SINGLE_LEG_SWISS_BALL_JACKKNIFE,Weighted Single-leg Swiss Ball Jackknife
SIT_UP,WEIGHTED_SIT_UP,Weighted Sit-up
SIT_UP,WEIGHTED_THREE_PART_ROLL_DOWN,Weighted Three-part Roll-down
SIT_UP,WEIGHTED_V_UP,Weighted V-up
SIT_UP,WEIGHTED_X_ABS,Weighted X Abs
SIT_UP,X_ABS,X Abs
SLED,BACKWARD_DRAG,Sled Backward Drag
SLED,CHEST_PRESS,Sled Chest Press
SLED,FORWARD_DRAG,Sled Forward Drag
SLED,LOW_PUSH,Sled Low Push
SLED,PUSH,Sled Push
SLED,ROW,Sled Row
SLED,SLED,Sled
SLEDGE_HAMMER,HAMMER_SLAM,Sledge Hammer Slam
SLEDGE_HAMMER,LATERAL_SWING,Sledge Hammer Lateral Swing
SLEDGE_HAMMER,SLEDGE_HAMMER,Sledge Hammer
SQUAT,AIR_SQUAT,Air Squat
SQUAT,ALTERNATING_BOX_DUMBBELL_STEP_UPS,Alternating Box Dumbbell Step-ups
SQUAT,BACK_SQUATS,Back Squats
SQUAT,BACK_SQUAT_WITH_BODY_BAR,Back Squat with Body Bar
SQUAT,BALANCING_SQUAT,Balancing Squat
SQUAT,BARBELL_BACK_SQUAT,Barbell Back Squat
SQUAT,BARBELL_BOX_SQUAT,Barbell Box Squat
SQUAT,BARBELL_FRONT_SQUAT,Barbell Front Squat
SQUAT,BARBELL_HACK_SQUAT,Barbell Hack Squat
SQUAT,BARBELL_HANG_SQUAT_SNATCH,Barbell Hang Squat Snatch
SQUAT,BARBELL_LATERAL_STEP_UP,Barbell Lateral Step-up
SQUAT,BARBELL_QUARTER_SQUAT,Barbell Quarter Squat
SQUAT,BARBELL_SIFF_SQUAT,Barbell Siff Squat
SQUAT,BARBELL_SQUAT_SNATCH,Barbell Squat Snatch
SQUAT,BARBELL_SQUAT_WITH_HEELS_RAISED,Barbell Squat with Heels Raised
SQUAT,BARBELL_STEPOVER,Barbell Step-over
SQUAT,BARBELL_STEP_UP,Barbell Step-up
SQUAT,BENCH_SQUAT_WITH_ROTATIONAL_CHOP,Bench Squat with Rotational Chop
SQUAT,BODY_WEIGHT_WALL_SQUAT,Body-weight Wall Squat
SQUAT,BOX_STEP_SQUAT,Box Step Squat
SQUAT,BRACED_SQUAT,Braced Squat
SQUAT,CROSSED_ARM_BARBELL_FRONT_SQUAT,Crossed-arm Barbell Front Squat
SQUAT,CROSSOVER_DUMBBELL_STEP_UP,Crossover Dumbbell Step-up
SQUAT,DUMBBELL_FRONT_SQUAT,Dumbbell Front Squat
SQUAT,DUMBBELL_OVERHEAD_SQUAT_SINGLE_ARM,Dumbbell Overhead Squat Single-arm
SQUAT,DUMBBELL_SPLIT_SQUAT,Dumbbell Split Squat
SQUAT,DUMBBELL_SQUAT,Dumbbell Squat
SQUAT,DUMBBELL_SQUAT_CLEAN,Dumbbell Squat Clean
SQUAT,DUMBBELL_SQUAT_SNATCH,Dumbbell Squat Snatch
SQUAT,DUMBBELL_STEPOVER,Dumbbell Step-over
SQUAT,DUMBBELL_STEP_UP,Dumbbell Step-up
SQUAT,DUMBBELL_THRUSTERS,Dumbbell Thrusters
SQUAT,ELEVATED_SINGLE_LEG_SQUAT,Elevated Single-leg Squat
SQUAT,FIGURE_FOUR_SQUATS,Figure Four Squats
SQUAT,GOBLET_SQUAT,Goblet Squat
SQUAT,KETTLEBELL_SQUAT,Kettlebell Squat
SQUAT,KETTLEBELL_SWING_OVERHEAD,Kettlebell Swing Overhead
SQUAT,KETTLEBELL_SWING_WITH_FLIP_TO_SQUAT,Kettlebell Swing with Flip to Squat
SQUAT,LATERAL_DUMBBELL_STEP_UP,Lateral Dumbbell Step-up
SQUAT,LEG_PRESS,Leg Press
SQUAT,MEDICINE_BALL_SQUAT,Medicine Ball Squat
SQUAT,ONE_LEGGED_SQUAT,One-legged Squat
SQUAT,OVERHEAD_BARBELL_SQUAT,Overhead Barbell Squat
SQUAT,OVERHEAD_DUMBBELL_SQUAT,Overhead Dumbbell Squat
SQUAT,OVERHEAD_SQUAT,Overhead Squat
SQUAT,PARTIAL_SINGLE_LEG_SQUAT,Partial Single-leg Squat
SQUAT,PISTOL_SQUAT,Pistol Squat
SQUAT,PLIE_SLIDES,Plié Slides
SQUAT,PLIE_SQUAT,Plié Squat
SQUAT,PRISONER_SQUAT,Prisoner Squat
SQUAT,SINGLE_LEG_BENCH_GET_UP,Single-leg Bench Get-up
SQUAT,SINGLE_LEG_BENCH_SQUAT,Single-leg Bench Squat
SQUAT,SINGLE_LEG_SQUAT_ON_SWISS_BALL,Single-leg Squat on Swiss Ball
SQUAT,SQUAT,Squat
SQUAT,SQUATS_WITH_BAND,Squats with Band
SQUAT,SQUAT_AMERICAN_SWING,American Swing
SQUAT,SQUAT_AND_SIDE_KICK,Squat and Side Kick
SQUAT,SQUAT_JUMPS_IN_N_OUT,Squat Jumps In N' Out
SQUAT,STAGGERED_SQUAT,Staggered Squat
SQUAT,STEP_UP,Step-up
SQUAT,SUITCASE_SQUATS,Suitcase Squats
SQUAT,SUMO_SQUAT,Sumo Squat
SQUAT,SUMO_SQUAT_SLIDE_IN,Sumo Squat Slide-in
SQUAT,SUMO_SQUAT_TO_HIGH_PULL,Sumo Squat to High Pull
SQUAT,SUMO_SQUAT_TO_STAND,Sumo Squat to Stand
SQUAT,SUMO_SQUAT_WITH_ROTATION,Sumo Squat with Rotation
SQUAT,SWISS_BALL_BODY_WEIGHT_WALL_SQUAT,Swiss Ball Body-weight Wall Squat
SQUAT,THRUSTERS,Thrusters
SQUAT,UNEVEN_SQUAT,Uneven Squat
SQUAT,WAIST_SLIMMING_SQUAT,Waist-slimming Squat
SQUAT,WALL_BALL,Wall Ball
SQUAT,WALL_BALL_SQUAT_AND_PRESS,Wall Ball Squat and Press
SQUAT,WEIGHTED_BACK_SQUATS,Weighted Back Squats
SQUAT,WEIGHTED_BALANCING_SQUAT,Weighted Balancing Squat
SQUAT,WEIGHTED_BENCH_SQUAT_WITH_ROTATIONAL_CHOP,Weighted Bench Squat with Rotational Chop
SQUAT,WEIGHTED_BOX_STEP_SQUAT,Weighted Box Step Squat
SQUAT,WEIGHTED_ELEVATED_SINGLE_LEG_SQUAT,Weighted Elevated Single-leg Squat
SQUAT,WEIGHTED_FIGURE_FOUR_SQUATS,Weighted Figure Four Squats
SQUAT,WEIGHTED_PARTIAL_SINGLE_LEG_SQUAT,Weighted Partial Single-leg Squat
SQUAT,WEIGHTED_PISTOL_SQUAT,Weighted Pistol Squat
SQUAT,WEIGHTED_PLIE_SLIDES,Weighted Plié Slides
SQUAT,WEIGHTED_PLIE_SQUAT,Weighted Plié Squat
SQUAT,WEIGHTED_PRISONER_SQUAT,Weighted Prisoner Squat
SQUAT,WEIGHTED_SINGLE_LEG_BENCH_GET_UP,Weighted Single-leg Bench Get-up
SQUAT,WEIGHTED_SINGLE_LEG_BENCH_SQUAT,Weighted Single-leg Bench Squat
SQUAT,WEIGHTED_SINGLE_LEG_SQUAT_ON_SWISS_BALL,Weighted Single-leg Squat on Swiss Ball
SQUAT,WEIGHTED_SQUAT,Weighted Squat
SQUAT,WEIGHTED_STAGGERED_SQUAT,Weighted Staggered Squat
SQUAT,WEIGHTED_STEP_UP,Weighted Step-up
SQUAT,WEIGHTED_SUMO_SQUAT_SLIDE_IN,Weighted Sumo Squat Slide-in
SQUAT,WEIGHTED_SUMO_SQUAT_TO_STAND,Weighted Sumo Squat to Stand
SQUAT,WEIGHTED_SUMO_SQUAT_WITH_ROTATION,Weighted Sumo Squat with Rotation
SQUAT,WEIGHTED_SWISS_BALL_WALL_SQUAT,Weighted Swiss Ball Wall Squat
SQUAT,WEIGHTED_UNEVEN_SQUAT,Weighted Uneven Squat
SQUAT,WEIGHTED_WALL_SQUAT,Weighted Wall Squat
SQUAT,WIDE_STANCE_BARBELL_SQUAT,Wide-stance Barbell Squat
SQUAT,WIDE_STANCE_GOBLET_SQUAT,Wide-stance Goblet Squat
SQUAT,ZERCHER_SQUAT,Zercher Squat
STAIR_STEPPER,STAIR_STEPPER,Stair Stepper
SUSPENSION,CHEST_FLY,Suspension Chest Fly
SUSPENSION,CHEST_PRESS,Suspension Chest Press
SUSPENSION,CRUNCH,Suspension Crunch
SUSPENSION,CURL,Suspension Curl
SUSPENSION,DIP,Suspension Dip
SUSPENSION,FACE_PULL,Suspension Face Pull
SUSPENSION,GLUTE_BRIDGE,Suspension Glute Bridge
SUSPENSION,HAMSTRING_CURL,Suspension Hamstring Curl
SUSPENSION,HIP_DROP,Suspension Hip Drop
SUSPENSION,KNEE_DRIVE_JUMP,Suspension Knee Drive Jump
SUSPENSION,KNEE_TO_CHEST,Suspension Knee-to-Chest
SUSPENSION,LAT_PULLOVER,Suspension Lat Pull-over
SUSPENSION,LUNGE,Suspension Lunge
SUSPENSION,MOUNTAIN_CLIMBER,Suspension Mountain Climber
SUSPENSION,PENDULUM,Suspension Pendulum
SUSPENSION,PIKE,Suspension Pike
SUSPENSION,PLANK,Suspension Plank
SUSPENSION,POWER_PULL,Suspension Power Pull
SUSPENSION,PULL_UP,Suspension Pull-up
SUSPENSION,PUSH_UP,Suspension Push-up
SUSPENSION,REVERSE_MOUNTAIN_CLIMBER,Suspension Reverse Mountain Climber
SUSPENSION,REVERSE_PLANK,Suspension Reverse Plank
SUSPENSION,ROLLOUT,Suspension Roll-out
SUSPENSION,ROW,Suspension Row
SUSPENSION,SIDE_LUNGE,Suspension Side Lunge
SUSPENSION,SIDE_PLANK,Suspension Side Plank
SUSPENSION,SINGLE_LEG_DEADLIFT,Suspension Single-leg Deadlift
SUSPENSION,SINGLE_LEG_SQUAT,Suspension Single-leg Squat
SUSPENSION,SIT_UP,Suspension Sit-up
SUSPENSION,SQUAT,Suspension Squat
SUSPENSION,SQUAT_JUMP,Suspension Squat Jump
SUSPENSION,SUSPENSION,Suspension
SUSPENSION,TRICEP_PRESS,Suspension Tricep Press
SUSPENSION,Y_FLY,Suspension Y Fly
TIRE,FLIP,Tire Flip
TIRE,TIRE,Tire
TOTAL_BODY,BARBELL_BURPEE,Barbell Burpee
TOTAL_BODY,BURPEE,Burpee
TOTAL_BODY,BURPEE_BOX_JUMP,Burpee Box Jump
TOTAL_BODY,BURPEE_BOX_JUMP_OVER,Burpee Box Jump Over
TOTAL_BODY,BURPEE_BOX_JUMP_STEP_UP_OVER,Burpee Box Jump Step-up Over
TOTAL_BODY,HIGH_PULL_BURPEE,High Pull Burpee
TOTAL_BODY,LATERAL_BARBELL_BURPEE,Lateral Barbell Burpee
TOTAL_BODY,MAN_MAKERS,Man Makers
TOTAL_BODY,ONE_ARM_BURPEE,One-arm Burpee
TOTAL_BODY,SQUAT_PLANK_PUSH_UP,"Squat, Plank, Push-up"
TOTAL_BODY,SQUAT_THRUSTS,Squat Thrusts (Up-downs)
TOTAL_BODY,STANDING_T_ROTATION_BALANCE,Standing T-rotation Balance
TOTAL_BODY,TOTAL_BODY,Total Body
TOTAL_BODY,TOTAL_BODY_BURPEE_OVER_BAR,Total Body Burpee Over Bar
TOTAL_BODY,WEIGHTED_BURPEE,Weighted Burpee
TOTAL_BODY,WEIGHTED_BURPEE_BOX_JUMP,Weighted Burpee Box Jump
TOTAL_BODY,WEIGHTED_SQUAT_PLANK_PUSH_UP,"Weighted Squat, Plank, Push-up"
TOTAL_BODY,WEIGHTED_SQUAT_THRUSTS,Weighted Squat Thrusts (Up-downs)
TOTAL_BODY,WEIGHTED_STANDING_T_ROTATION_BALANCE,Weighted Standing T-rotation Balance
TRICEPS_EXTENSION,ALTERNATING_DUMBBELL_LYING_TRICEPS_EXTENSION,Alternating Dumbbell Lying Triceps Extension
TRICEPS_EXTENSION,BENCH_DIP,Bench Dip
TRICEPS_EXTENSION,BODY_WEIGHT_DIP,Body-weight Dip
TRICEPS_EXTENSION,CABLE_KICKBACK,Cable Tricep Kick-back
TRICEPS_EXTENSION,CABLE_LYING_TRICEPS_EXTENSION,Cable Lying Triceps Extension
TRICEPS_EXTENSION,CABLE_OVERHEAD_TRICEPS_EXTENSION,Cable Overhead Triceps Extension
TRICEPS_EXTENSION,DUMBBELL_KICKBACK,Dumbbell Kick-back
TRICEPS_EXTENSION,DUMBBELL_LYING_TRICEPS_EXTENSION,Dumbbell Lying Triceps Extension
TRICEPS_EXTENSION,EZ_BAR_OVERHEAD_TRICEPS_EXTENSION,EZ-Bar Overhead Triceps Extension
TRICEPS_EXTENSION,INCLINE_DIP,Incline Dip
TRICEPS_EXTENSION,INCLINE_EZ_BAR_LYING_TRICEPS_EXTENSION,Incline EZ-Bar Lying Triceps Extension
TRICEPS_EXTENSION,LYING_DUMBBELL_PULLOVER_TO_EXTENSION,Lying Dumbbell Pull-over to Extension
TRICEPS_EXTENSION,LYING_EZ_BAR_TRICEPS_EXTENSION,Lying EZ-Bar Triceps Extension
TRICEPS_EXTENSION,LYING_TRICEPS_EXTENSION_TO_CLOSE_GRIP_BENCH_PRESS,Lying Triceps Extension to Close-grip Bench Press
TRICEPS_EXTENSION,OVERHEAD_DUMBBELL_TRICEPS_EXTENSION,Overhead Dumbbell Triceps Extension
TRICEPS_EXTENSION,RECLINING_TRICEPS_PRESS,Reclining Triceps Press
TRICEPS_EXTENSION,REVERSE_GRIP_PRESSDOWN,Reverse-grip Press-down
TRICEPS_EXTENSION,REVERSE_GRIP_TRICEPS_PRESSDOWN,Reverse-grip Triceps Press-down
TRICEPS_EXTENSION,ROPE_PRESSDOWN,Rope Press-down
TRICEPS_EXTENSION,SEATED_BARBELL_OVERHEAD_TRICEPS_EXTENSION,Seated Barbell Overhead Triceps Extension
TRICEPS_EXTENSION,SEATED_DUMBBELL_OVERHEAD_TRICEPS_EXTENSION,Seated Dumbbell Overhead Triceps Extension
TRICEPS_EXTENSION,SEATED_EZ_BAR_OVERHEAD_TRICEPS_EXTENSION,Seated EZ-Bar Overhead Triceps Extension
TRICEPS_EXTENSION,SEATED_SINGLE_ARM_OVERHEAD_DUMBBELL_EXTENSION,Seated Single-arm Overhead Dumbbell Extension
TRICEPS_EXTENSION,SINGLE_ARM_DUMBBELL_OVERHEAD_TRICEPS_EXTENSION,Single-arm Dumbbell Overhead Triceps Extension
TRICEPS_EXTENSION,SINGLE_DUMBBELL_SEATED_OVERHEAD_TRICEPS_EXTENSION,Single-dumbbell Seated Overhead Triceps Extension
TRICEPS_EXTENSION,SINGLE_LEG_BENCH_DIP_AND_KICK,Single-leg Bench Dip and Kick
TRICEPS_EXTENSION,SINGLE_LEG_DIP,Single-leg Dip
TRICEPS_EXTENSION,STATIC_LYING_TRICEPS_EXTENSION,Static Lying Triceps Extension
TRICEPS_EXTENSION,SUSPENDED_DIP,Suspended Dip
TRICEPS_EXTENSION,SWISS_BALL_DUMBBELL_LYING_TRICEPS_EXTENSION,Swiss Ball Dumbbell Lying Triceps Extension
TRICEPS_EXTENSION,SWISS_BALL_EZ_BAR_LYING_TRICEPS_EXTENSION,Swiss Ball EZ-Bar Lying Triceps Extension
TRICEPS_EXTENSION,SWISS_BALL_EZ_BAR_OVERHEAD_TRICEPS_EXTENSION,Swiss Ball EZ-Bar Overhead Triceps Extension
TRICEPS_EXTENSION,TABLETOP_DIP,Tabletop Dip
TRICEPS_EXTENSION,TRICEPS_EXTENSION,Triceps Extension
TRICEPS_EXTENSION,TRICEPS_EXTENSION_ON_FLOOR,Triceps Extension on Floor
TRICEPS_EXTENSION,TRICEPS_PRESS,Triceps Press
TRICEPS_EXTENSION,TRICEPS_PRESSDOWN,Triceps Press-down
TRICEPS_EXTENSION,WEIGHTED_BENCH_DIP,Weighted Bench Dip
TRICEPS_EXTENSION,WEIGHTED_DIP,Weighted Dip
TRICEPS_EXTENSION,WEIGHTED_INCLINE_DIP,Weighted Incline Dip
TRICEPS_EXTENSION,WEIGHTED_SINGLE_LEG_BENCH_DIP_AND_KICK,Weighted Single-leg Bench Dip and Kick
TRICEPS_EXTENSION,WEIGHTED_SINGLE_LEG_DIP,Weighted Single-leg Dip
TRICEPS_EXTENSION,WEIGHTED_SUSPENDED_DIP,Weighted Suspended Dip
TRICEPS_EXTENSION,WEIGHTED_TABLETOP_DIP,Weighted Tabletop Dip
WARM_UP,ANKLE_CIRCLES,Ankle Circles
WARM_UP,ANKLE_DORSIFLEXION_WITH_BAND,Ankle Dorsiflexion with Band
WARM_UP,ANKLE_INTERNAL_ROTATION,Ankle Internal Rotation
WARM_UP,ARM_CIRCLES,Arm Circles
WARM_UP,BENT_OVER_REACH_TO_SKY,Bent-over Reach to Sky
WARM_UP,BICEPS_STRETCH,Biceps Stretch
WARM_UP,CAT_CAMEL,Cat Camel
WARM_UP,ELBOW_TO_FOOT_LUNGE,Elbow-to-Foot Lunge
WARM_UP,FORWARD_AND_BACKWARD_LEG_SWINGS,Forward and Backward Leg Swings
WARM_UP,GLUTES_STRETCH,Glutes Stretch
WARM_UP,GROINERS,Groiners
WARM_UP,INVERTED_HAMSTRING_STRETCH,Inverted Hamstring Stretch
WARM_UP,LATERAL_DUCK_UNDER,Lateral Duck Under
WARM_UP,NECK_ROTATIONS,Neck Rotations
WARM_UP,NECK_TILTS,Neck Tilts
WARM_UP,OPPOSITE_ARM_AND_LEG_BALANCE,Opposite Arm and Leg Balance
WARM_UP,QUADRUPED_ROCKING,Quadruped Rocking
WARM_UP,REACH_ROLL_AND_LIFT,"Reach, Roll, and Lift"
WARM_UP,SHOULDER_CIRCLES,Shoulder Circles
WARM_UP,SIDE_TO_SIDE_LEG_SWINGS,Side-to-Side Leg Swings
WARM_UP,SLEEPER_STRETCH,Sleeper Stretch
WARM_UP,SLIDE_OUT,Slide Out
WARM_UP,STANDING_HAMSTRING_STRETCH,Standing Hamstring Stretch
WARM_UP,STRETCH_90_90,90/90 Stretch
WARM_UP,STRETCH_ABS,Abs Stretch
WARM_UP,STRETCH_BUTTERFLY,Butterfly Stretch
WARM_UP,STRETCH_CALF,Calf Stretch
WARM_UP,STRETCH_CAT_COW,Cat Cow Stretch
WARM_UP,STRETCH_CHILDS_POSE,Child's Pose Stretch
WARM_UP,STRETCH_COBRA,Cobra Stretch
WARM_UP,STRETCH_FOREARMS,Forearm Stretch
WARM_UP,STRETCH_FORWARD_GLUTES,Forward Glutes Stretch
WARM_UP,STRETCH_FRONT_SPLIT,Front Split Stretch
WARM_UP,STRETCH_HAMSTRING,Hamstring Stretch
WARM_UP,STRETCH_HIP_FLEXOR_AND_QUAD,Hip Flexor and Quad Stretch
WARM_UP,STRETCH_LAT,Lat Stretch
WARM_UP,STRETCH_LEVATOR_SCAPULAE,Levator Scapulae Stretch
WARM_UP,STRETCH_LUNGE_WITH_SPINAL_TWIST,Lunge with Spinal Twist Stretch
WARM_UP,STRETCH_LUNGING_HIP_FLEXOR,Lunging Hip Flexor Stretch
WARM_UP,STRETCH_LYING_ABDUCTION,Stretch Lying Abduction
WARM_UP,STRETCH_LYING_IT_BAND,Lying IT Band Stretch
WARM_UP,STRETCH_LYING_KNEE_TO_CHEST,Lying Knee-to-Chest Stretch
WARM_UP,STRETCH_LYING_PIRIFORMIS,Lying Piriformis Stretch
WARM_UP,STRETCH_LYING_SPINAL_TWIST,Lying Spinal Twist Stretch
WARM_UP,STRETCH_NECK,Neck Stretch
WARM_UP,STRETCH_OBLIQUES,Obliques Stretch
WARM_UP,STRETCH_OVER_UNDER_SHOULDER,Over-under Shoulder Stretch
WARM_UP,STRETCH_PECTORAL,Pectoral Stretch
WARM_UP,STRETCH_PIGEON_POSE,Pigeon Pose Stretch
WARM_UP,STRETCH_PIRIFORMIS,Piriformis Stretch
WARM_UP,STRETCH_QUAD,Quad Stretch
WARM_UP,STRETCH_SCORPION,Scorpion Stretch
WARM_UP,STRETCH_SHOULDER,Shoulder Stretch
WARM_UP,STRETCH_SIDE,Side Stretch
WARM_UP,STRETCH_SIDE_LUNGE,Side Lunge Stretch
WARM_UP,STRETCH_SIDE_SPLIT,Side Split Stretch
WARM_UP,STRETCH_STANDING_IT_BAND,Standing IT Band Stretch
WARM_UP,STRETCH_STRADDLE,Straddle Stretch
WARM_UP,STRETCH_TRICEPS,Triceps Stretch
WARM_UP,STRETCH_WALL_CHEST_AND_SHOULDER,Wall Chest and Shoulder Stretch
WARM_UP,SWISS_BALL_HIP_CROSSOVER,Swiss Ball Hip Crossover
WARM_UP,SWISS_BALL_REACH_ROLL_AND_LIFT,"Swiss Ball Reach, Roll, and Lift"
WARM_UP,SWISS_BALL_WINDSHIELD_WIPERS,Swiss Ball Windshield Wipers
WARM_UP,THORACIC_ROTATION,Thoracic Rotation
WARM_UP,WALKING_HIGH_KICKS,Walking High Kicks
WARM_UP,WALKING_HIGH_KNEES,Walking High Knees
WARM_UP,WALKING_KNEE_HUGS,Walking Knee Hugs
WARM_UP,WALKING_LEG_CRADLES,Walking Leg Cradles
WARM_UP,WALKOUT,Walkout
WARM_UP,WALKOUT_FROM_PUSH_UP_POSITION,Walkout from Push-up Position
WARM_UP,WARM_UP,Warm-up
