exerciseId,title_it,requires,requires2,unilateral,muscleGroupBroad,muscleGroupSpecific,gradeTypes,youtubeId,lottie,strengthTypes
ABDUCTOR_SIDE_LEG_RAISE,Sollevamento laterale delle gambe con abduttore,BAND,,True,GLUTES,UNILATERAL_GLUTE,REPS,olid32fu7LY,ABDUCTOR_SIDE_LEG_RAISE,FULL_BODY|LEGS_AND_CORE
BANDED_DEADBUG,Deadbug con fascia,BAND,,True,EXTRA,EXTRA,REPS,A-boaViwUOA,BANDED_DEADBUG,FULL_BODY|LEGS_AND_CORE
BANDED_FACE_PULLS,Pull face con fascia,BAND,,False,BACK,BILATERAL_BACK,REPS,AlTGQrDOd98,BANDED_FACE_PULLS,FULL_BODY
BANDED_HAMSTRING_CURL,Hamstring curl con fascia,BAND,,True,HAMSTRING,UNILATERAL_HAM,REPS,vMpIVM_jl3g,BANDED_HAMSTRING_CURL,FULL_BODY|LEGS_AND_CORE
BANDED_TOE_RAISE,Toe raise con fascia,BAND,,True,EXTRA,EXTRA,REPS,KC658qKNpqE,BANDED_TOE_RAISE,FULL_BODY|LEGS_AND_CORE
BARBELL_BENCH_PRESS,Panca piana con bilanciere,BARBELL,BENCH,False,CHEST,BILATERAL_CHEST,REPS,HmzhfGUGQRc,BARBELL_BENCH_PRESS,FULL_BODY
BARBELL_HIP_THRUST,Hip thrust con bilanciere,BARBELL,BOX,False,GLUTES,BILATERAL_GLUTE,REPS,pF17m_CXfL0,GLUTE_BRIDGE,FULL_BODY|LEGS_AND_CORE
BARBELL_SQUAT,Squat con bilanciere,BARBELL,,False,QUADS,BILATERAL_QUAD,REPS,S0H0JxLAOAY,BARBELL_SQUAT,FULL_BODY|LEGS_AND_CORE
BEAR_CRAWL,Bear Crawl,BW,,False,FULL_BODY,BILATERAL_FB,SECONDS,U3Y58Kyw7Xw,BEAR_CRAWL,FULL_BODY|LEGS_AND_CORE
BENT_KNEE_CALF_RAISE,sollevamento dei polpacci a ginocchio piegato,DB,,True,CALVES,UNILATERAL_CALF,REPS,NcMjGCO_-J0,BENT_KNEE_CALF_RAISE,FULL_BODY|LEGS_AND_CORE
BENT_OVER_ROW,Rematore con bilanciere,BARBELL,,False,BACK,BILATERAL_BACK,REPS,rqTOAM8WoeM,BENT_OVER_ROW,FULL_BODY
BODYWEIGHT_SQUAT,Squat con il peso corporeo,BW,,False,WARM_UP,WARMUP_EX_LOWER,REPS|SECONDS,P-yaD24bUE8,BODYWEIGHT_SQUAT,FULL_BODY|LEGS_AND_CORE
BOX_JUMP,Box jump,BOX,,False,PLYOS,PLYOS,REPS,G-bxQY57mKc,BOX_JUMP,FULL_BODY|LEGS_AND_CORE
BURPEE,Burpee,BW,,False,FULL_BODY,BILATERAL_FB,REPS,u1floBsMZNs,BURPEE,LEGS_AND_CORE
CLAM_SHELLS,Clam shell,BW,,True,WARM_UP,WARMUP_EX_LOWER,SECONDS,kO2Me7E83DQ,CLAM_SHELLS_1,LEGS_AND_CORE
CRUNCH_AND_PRESS,Crunch & press,DB,,False,CORE,BILATERAL_CO,REPS,3KnTmnwcFgg,CRUNCH_AND_PRESS,FULL_BODY|LEGS_AND_CORE
DEADBUG,Deadbug,BW,,False,CORE,BILATERAL_CO,REPS,g5XKMzr5gUs,DEADBUG,LEGS_AND_CORE
DIAGONAL_TOE_TAP,Diagonal toe tap,BW,,True,WARM_UP,WARMUP_EX_UPPER,REPS|SECONDS,2yh7i2Vx3rk,DIAGONAL_TOE_TAP,FULL_BODY|LEGS_AND_CORE
DL_SKIPPING,Salto della corda a due gambe,BW,,False,PLYOS,PLYOS,SECONDS,fO_WxAccGvg,DL_SKIPPING,FULL_BODY|LEGS_AND_CORE
DOUBLE_ARM_CLEAN,Clean a due braccia,DB,,False,FULL_BODY,BILATERAL_FB,REPS,IRViyYdBYpQ,DOUBLE_ARM_CLEAN,FULL_BODY|LEGS_AND_CORE
DOUBLE_LEG_CALF_RAISE_ON_STEP,Sollevamento dei polpacci a due gambe su step,KB,,False,CALVES,BILATERAL_CALF,REPS,Og5Sle5DEkc,DOUBLE_LEG_CALF_RAISE_ON_STEP,FULL_BODY|LEGS_AND_CORE
DUMBBELL_BENCH_PRESS,Panca piana con manubri,DB,BENCH,False,CHEST,BILATERAL_CHEST,REPS,xhEhjF5ozuY,DUMBBELL_BENCH_PRESS,FULL_BODY
DUMBBELL_CHEST_FLY,Croci su panca piana con manubri,DB,BENCH,False,CHEST,BILATERAL_CHEST,REPS,98aRvyw-IGg,DUMBBELL_CHEST_FLY,FULL_BODY
FARMER'S_CARRY,Farmer Carry,DB,,False,FULL_BODY,BILATERAL_FB,SECONDS,lLAw6fUccKA,FARMER'S_CARRY,FULL_BODY|LEGS_AND_CORE
FIGURE_OF_8S,Figura degli 8,BW,,False,CORE,BILATERAL_CO,REPS,fCGUX27lEC8,FIGURE_OF_8S,FULL_BODY|LEGS_AND_CORE
FIRE_HYDRANTS,Fire Hydrants (abduzione dell'anca),BW,,True,WARM_UP,WARMUP_EX_LOWER,SECONDS,12whZWUANRY,FIRE_HYDRANTS,FULL_BODY|LEGS_AND_CORE
FLOATING_HEEL_DROP,Floating heel drop,BW,,False,WARM_UP,WARMUP_EX_LOWER,SECONDS,l_gqkPF3_0c,FLOATING_HEEL_DROP_2,FULL_BODY|LEGS_AND_CORE
FRONT_LEG_RAISED_LUNGE,Affondo con gamba anteriore sollevata,STEP,,True,QUADS,UNILATERAL_QUAD,REPS,d3NlC93UwXM,FRONT_LEG_RAISED_LUNGE,FULL_BODY|LEGS_AND_CORE
FRONT_SQUAT,Squat frontale,BARBELL,,False,QUADS,BILATERAL_QUAD,REPS,tCS4p5lS5rk,FRONT_SQUAT,LEGS_AND_CORE
GLUTE_BRIDGE,Ponte glutei,BW,,False,GLUTES,BILATERAL_GLUTE,REPS,L9KZfxT654Y,GLUTE_BRIDGE_1,LEGS_AND_CORE
GLUTE_BRIDGE_HAM_WALKOUT,Ponte glutei con camminata per muscoli ischiocrurali,BW,,False,WARM_UP,WARMUP_EX_LOWER,SECONDS,6yeyt5mUo94,GLUTE_BRIDGE_WITH_WALK_OUT,FULL_BODY|LEGS_AND_CORE
GOBLET_SQUAT,Goblet squat,KB,,False,QUADS,BILATERAL_QUAD,REPS,6mf0oa2GGUc,GOBLET_SQUAT,FULL_BODY|LEGS_AND_CORE
HAMSTRING_WALKOUT,Hamstring Walkout,BW,,False,HAMSTRING,BILATERAL_HAM,REPS,mt1fUd_0ELw,HAMSTRING_WALKOUT,LEGS_AND_CORE
HEEL_WALKS,Camminata sui talloni,BW,,False,WARM_UP,WARMUP_EX_LOWER,SECONDS,x_AuawYz2NA,HEEL_WALKS,FULL_BODY|LEGS_AND_CORE
HIP_DROP,Hip drop,STEP,,True,EXTRA,EXTRA,REPS,URR5gL6yQvk,HIP_DROP,FULL_BODY|LEGS_AND_CORE
INCLINE_BARBELL_BENCH_PRESS,Panca inclinata con bilanciere,BARBELL,BENCH,False,CHEST,BILATERAL_CHEST,REPS,O9x7xRhtA9Q,INCLINE_BARBELL_BENCH_PRESS,FULL_BODY
KB_SWINGS,Oscillazioni con kettlebell,KB,,False,HAMSTRING,BILATERAL_HAM,REPS,kuZPzr_eldA,KB_SWINGS,FULL_BODY|LEGS_AND_CORE
KNEE_DRIVE,Knee Drive,BW,,False,FULL_BODY,UNILATERAL_FB,REPS,MrY88grXRtU,KNEE_DRIVE,LEGS_AND_CORE
LATERAL_WALK,Camminata laterale,BW,,True,GLUTES,BILATERAL_GLUTE,REPS,9MuZrYJddcQ,LATERAL_WALK_1,FULL_BODY|LEGS_AND_CORE
LUNGE_AND_PRESS,Lunge & press,DB,,True,FULL_BODY,UNILATERAL_FB,REPS,1AP-jQ-n3dg,LUNGE_AND_PRESS,FULL_BODY|LEGS_AND_CORE
LUNGE_HOLD_CALF_RAISE,Sollevamento dei polpacci con affondo,BW,,True,WARM_UP,WARMUP_EX_LOWER,REPS|SECONDS,u5ioqmbjUWM,LUNGE_HOLD_CALF_RAISE,FULL_BODY|LEGS_AND_CORE
MOUNTAIN_CLIMBER,Mountain Climber,BW,,False,CORE,BILATERAL_CO,REPS|SECONDS,CQk4MHY2_Tc,MOUNTAIN_CLIMBER,FULL_BODY|LEGS_AND_CORE
PLANK,Plank,BW,,False,CORE,BILATERAL_CO,SECONDS,kSFvHo9p53Y,PLANK,LEGS_AND_CORE
PLANK_ON_SWISSBALL,Plank su swiss ball,SWISSBALL,,False,CORE,BILATERAL_CO,SECONDS,fwvVnCEqMhA,PLANK_ON_SWISSBALL,FULL_BODY|LEGS_AND_CORE
PLANK_PULL_THROUGH,Plank pull through,KB,,False,CORE,BILATERAL_CO,REPS,iXtAv61NEIo,PLANK_PULL_THROUGH,LEGS_AND_CORE
PLANK_TWIST,Plank Twist,BW,,False,CORE,BILATERAL_CO,REPS,5IOr9dmHlKI,PLANK_TWIST,FULL_BODY|LEGS_AND_CORE
POGO_JUMPS,Pogo jump,BW,,False,PLYOS,PLYOS,REPS,j0nl5dWuqN4,POGO_JUMPS,FULL_BODY|LEGS_AND_CORE
PRESS-UP_POSITION_WITH_SINGLE_ARM_EXTENSIONS,Posizione di press up con estensioni a braccio singolo,BW,,False,CORE,BILATERAL_CO,REPS,G45RuildQP4,PRESS-UP_POSITION_WITH_SINGLE_ARM_EXTENSIONS,FULL_BODY|LEGS_AND_CORE
PRESS_UP,Press up,BW,,False,WARM_UP,WARMUP_EX_UPPER,SECONDS,ReVAogcbkV8,PRESS_UP,FULL_BODY|LEGS_AND_CORE
PRESS_UP_POSITION_DIAGONAL_TOE_TAP,Tocco in diagonale della punta del piede in posizione di press up,BW,,True,WARM_UP,WARMUP_EX_UPPER,SECONDS,L4oG_eSfxAo,PRESS_UP_POSITION_DIAGONAL_TOE_TAP,FULL_BODY
PRESS_UP_POSITION_WALK_OUT,Camminata in posizione di press up,BW,,False,WARM_UP,WARMUP_EX_UPPER,SECONDS,iqVpjKAUETY,PRESS_UP_POSITION_WALK_OUT,FULL_BODY|LEGS_AND_CORE
PULL_UP,Trazioni alla sbarra,PUB,BAND,False,BACK,BILATERAL_BACK,REPS,1rRmIzEsl_4,PULL_UP,FULL_BODY
PUSH_PRESS,Push press,BARBELL,,False,SHOULDERS,BILATERAL_SHLD,REPS,Hqxjk5Z35SM,PUSH_PRESS,FULL_BODY
RAISED_LEG_HIP_THRUST,Hip Thrust a gambe sollevate,BARBELL,,False,HAMSTRING,BILATERAL_HAM,REPS,sOq7RdWE3rs,HIP_THRUST,FULL_BODY|LEGS_AND_CORE
REAR_LEG_RAISED_LUNGE,Affondo con gamba posteriore sollevata,STEP,,True,QUADS,UNILATERAL_QUAD,REPS,Hgsq3pY1oZw,REAR_LEG_RAISED_LUNGE,FULL_BODY|LEGS_AND_CORE
REVERSE_FLY,Reverse fly,DB,,False,BACK,BILATERAL_BACK,REPS,3MKmYlhxgOo,REVERSE_FLY,FULL_BODY
REVERSE_LUNGE,Affondo inverso,DB,,True,QUADS,UNILATERAL_QUAD,REPS,HXs8u1251ss,REVERSE_LUNGE,FULL_BODY|LEGS_AND_CORE
RUSSIAN_TWIST,Torsioni russe,BW,,False,CORE,BILATERAL_CO,REPS,IJDOoVyVjhc,RUSSIAN_TWIST_2,FULL_BODY|LEGS_AND_CORE
SEATED_BARBELL_PRESS,Press con bilanciere in posizione seduta,BARBELL,BENCH,False,SHOULDERS,BILATERAL_SHLD,REPS,MSp9s5L5xPU,SEATED_BARBELL_PRESS,FULL_BODY
SEATED_CALF_RAISE,Sollevamento dei polpacci da seduti,DB,,False,CALVES,BILATERAL_CALF,REPS,ORY-ke6vcgk,SEATED_CALF_RAISE,FULL_BODY|LEGS_AND_CORE
SIDEPLANK_HIP_FLEXORS,Plank laterale con flessione dell'anca,BW,,True,CORE,UNILATERAL_CO,SECONDS,d0JyUzS-wwQ,SIDEPLANK_HIP_FLEXORS_1,FULL_BODY|LEGS_AND_CORE
SIDE_LEG_SWINGS,Oscillazioni laterali con le gambe,BW,,True,WARM_UP,WARMUP_EX_LOWER,SECONDS,6aw8CAH_65Y,SIDE_LEG_SWINGS,FULL_BODY|LEGS_AND_CORE
SIDE_LUNGE,Affondo laterale,BW,,True,WARM_UP,WARMUP_EX_LOWER,SECONDS,u_xtYxMEfoQ,SIDE_LUNGE,LEGS_AND_CORE
SIDE_PLANK,Plank laterale,BW,,True,CORE,UNILATERAL_CO,SECONDS,iNbH7_edNI8,SIDE_PLANK,FULL_BODY|LEGS_AND_CORE
SIDE_PLANK_LEG_RAISE,Sollevamento gamba in plank laterale,BAND,,True,EXTRA,EXTRA,REPS,PAD7sMmIgts,SIDE_PLANK_LEG_RAISE,LEGS_AND_CORE
SINGLE_ARM_BENCH_PRESS,Panca piana a braccio singolo,DB,BENCH,True,CHEST,UNILATERAL_CHEST,REPS,7m9JICs5odQ,SINGLE_ARM_BENCH_PRESS,FULL_BODY
SINGLE_ARM_CLEAN,Clean a braccio singolo,DB,,True,FULL_BODY,UNILATERAL_FB,REPS,H6h-331U1fc,SINGLE_ARM_CLEAN,FULL_BODY|LEGS_AND_CORE
SINGLE_ARM_CLEAN_AND_PRESS,Clean & press a braccio singolo,DB,,True,FULL_BODY,UNILATERAL_FB,REPS,Hd9TbNb8diY,SINGLE_ARM_CLEAN_AND_PRESS,FULL_BODY|LEGS_AND_CORE
SINGLE_ARM_ROW,Rematore a braccio singolo,DB,BENCH,True,BACK,UNILATERAL_BACK,REPS,zXD5rnv0gD0,SINGLE_ARM_ROW,FULL_BODY
SINGLE_LEG_CALF_RAISE,sollevamento dei polpacci a gamba singola,BW,,True,CALVES,UNILATERAL_CALF,REPS,ElcvJ0kjt6c,SINGLE_LEG_CALF_RAISE_1,FULL_BODY|LEGS_AND_CORE
SINGLE_LEG_GLUTE_BRIDGE,Ponte glutei a gamba singola,BW,,True,GLUTES,UNILATERAL_GLUTE,REPS,VUl8R0kn6v4,SINGLE_LEG_GLUTE_BRIDGE,LEGS_AND_CORE
SINGLE_LEG_SQUAT,Squat a gamba singola,BOX,,True,QUADS,UNILATERAL_QUAD,REPS,8twCe4C0c1c,SINGLE_LEG_SQUAT,LEGS_AND_CORE
SINGLE_LEG_STRAIGHT_LEG_DEADLIFT,Stacco a gamba singola dritta,BW,,True,HAMSTRING,UNILATERAL_HAM,REPS,fkej6PUmvmc,SINGLE_LEG_STRAIGHT_LEG_DEADLIFT_1,LEGS_AND_CORE
SL_COPENHAGEN_PLANK,Plank Copenaghen a leva corta,STEP,,True,EXTRA,EXTRA,SECONDS,bU8aazv5voo,SL_COPENHAGEN_PLANK,FULL_BODY|LEGS_AND_CORE
SL_DB_RDL_KNEE_DRIVE,Stacco da terra a gamba singola dritta con knee drive,DB,,True,HAMSTRING,UNILATERAL_HAM,REPS,7Q-aaVsjTOw,SL_DB_RDL_KNEE_DRIVE_1,FULL_BODY|LEGS_AND_CORE
SL_ISO_HAMSTRING_HOLD,Trattenuta isometrica dei muscoli ischiocrurali a gamba singola,STEP,,True,HAMSTRING,UNILATERAL_HAM,SECONDS,LRUtWMiLfM4,SL_ISO_HAMSTRING_HOLD,FULL_BODY|LEGS_AND_CORE
SQUAT_THRUSTS,Squat thrust,BW,,False,FULL_BODY,BILATERAL_FB,REPS,pwFi6tmVKyo,SQUAT_THRUSTS,LEGS_AND_CORE
SQUAT_TO_CALF_RAISE,Squat e sollevamento dei polpacci,BW,,False,WARM_UP,WARMUP_EX_LOWER,SECONDS,1W0DlNuJbsc,SQUAT_TO_CALF_RAISE,FULL_BODY|LEGS_AND_CORE
STAGGERED_HIP_THURSTS,Hip thrust con stacco sfalsato (B stance),BARBELL,BENCH,True,GLUTES,UNILATERAL_GLUTE,REPS,uyPrniW_ryo,STAGGERED_HIP_THURSTS,FULL_BODY|LEGS_AND_CORE
STAGGERED_RDLS,Stacchi monopodalici in posizione sfalsata,DB,,True,HAMSTRING,UNILATERAL_HAM,REPS,Li9jJhbSxBA,STAGGERED_RDLS,FULL_BODY|LEGS_AND_CORE
STANDING_BARBELL_PRESS,Press con bilanciere in piedi,BARBELL,,False,SHOULDERS,BILATERAL_SHLD,REPS,JHXtu-ll9Ik,STANDING_BARBELL_PRESS,FULL_BODY
STANDING_FRONT_RAISE,Alzate frontali in stazione eretta,DB,,False,SHOULDERS,BILATERAL_SHLD,REPS,vOqq8BfT3gQ,STANDING_FRONT_RAISE,FULL_BODY
STANDING_MARCH,Marcia in piedi,BAND,,False,WARM_UP,WARMUP_EX_LOWER,REPS|SECONDS,9jsUJPgUw6I,STANDING_MARCH,FULL_BODY|LEGS_AND_CORE
STANDING_SIDE_BEND,Side bend in piedi,KB,,True,CORE,UNILATERAL_CO,REPS,PkRvuQP_31Y,STANDING_SIDE_BEND,LEGS_AND_CORE
STANDING_SIDE_RAISE,Alzate laterali in stazione eretta,DB,,False,SHOULDERS,BILATERAL_SHLD,REPS,WuQ_ZQSrdbg,STANDING_SIDE_RAISE,FULL_BODY
STANDING_SINGLE_ARM_SHOULDER_PRESS,Shoulder press in piedi a braccio singolo,DB,,True,SHOULDERS,UNILATERAL_SHLD,REPS,L9VlR9yq904,STANDING_SINGLE_ARM_SHOULDER_PRESS,FULL_BODY
STATIC_LUNGE,Affondo statico,BARBELL,,True,QUADS,UNILATERAL_QUAD,REPS,WQqjTRecEMQ,STATIC_LUNGE,FULL_BODY|LEGS_AND_CORE
STEP_DOWN,Step Down,STEP,,True,GLUTES,UNILATERAL_GLUTE,REPS,d93bbZvxe_w,STEP_DOWN,FULL_BODY|LEGS_AND_CORE
STEP_UP,Step up,STEP,,False,WARM_UP,WARMUP_EX_LOWER,SECONDS,vOiHvzj5XhA,STEP_UP,FULL_BODY|LEGS_AND_CORE
STEP_UP_AND_KNEE_DRIVE,Step up con knee drive,BOX,,True,QUADS,UNILATERAL_QUAD,REPS,PemRK2kC_w8,STEP_UP_AND_KNEE_DRIVE,FULL_BODY|LEGS_AND_CORE
STRAIGHT_LEG_DEADLIFT,Stacco da terra a gambe tese,BARBELL,,False,HAMSTRING,BILATERAL_HAM,REPS,2fHE6zxftYw,STRAIGHT_LEG_DEADLIFT,FULL_BODY|LEGS_AND_CORE
STRAIGHT_LEG_RAISE,Straight Leg Raise,BW,,False,CORE,BILATERAL_CO,REPS,MGLFUBvbymI,STRAIGHT_LEG_RAISE,LEGS_AND_CORE
SUMO_DEADLIFT,Stacco sumo,BARBELL,,False,GLUTES,BILATERAL_GLUTE,REPS,1ltxpKdXkG4,SUMO_DEADLIFT,FULL_BODY|LEGS_AND_CORE
SWISSBALL_STIR_POT,Swiss Ball Stir the Pot,SWISSBALL,,False,CORE,BILATERAL_CO,REPS,Vt9au65_2yk,SWISSBALL_STIR_POT,FULL_BODY
THRUSTER,Thruster,DB,,False,FULL_BODY,BILATERAL_FB,REPS,z0PGxb8BSq8,THRUSTER,FULL_BODY|LEGS_AND_CORE
TOE_SCRUNCHES,Presa con le dita dei piedi,BW,,False,WARM_UP,WARMUP_EX_LOWER,SECONDS,gTXwZTRuJYs,TOE_SCRUNCHES,FULL_BODY|LEGS_AND_CORE
TOE_WALKS,Camminata sull'avampiede,BW,,False,WARM_UP,WARMUP_EX_LOWER,SECONDS,c_I-ui3PCrc,TOE_WALKS,LEGS_AND_CORE
TRAVELLING_PRESS_UP_WALK_OUT,Camminata con spostamento in avanti in posizione di press up,BW,,False,WARM_UP,WARMUP_EX_UPPER,SECONDS,quJm2ZZ4R1I,TRAVELLING_PRESS_UP_WALK_OUT,FULL_BODY|LEGS_AND_CORE
TRICEP_DIP,Piegamenti dei tricipiti o tricep dip,BOX,,False,CHEST,BILATERAL_CHEST,REPS,AE4xaqTICTA,TRICEP_DIP,FULL_BODY
WALKING_CALF_RAISES,Calf raise in camminata con carico,BW,,False,CALVES,BILATERAL_CALF,SECONDS,JAZlQCFqW7o,WALKING_CALF_RAISES_1,FULL_BODY|LEGS_AND_CORE
WALKING_LUNGE,Affondi in camminata,BW,,False,QUADS,BILATERAL_QUAD,REPS|SECONDS,vYfp2t4XgqQ,WALKING_LUNGE_2,FULL_BODY|LEGS_AND_CORE
WEIGHTED_DEADLIFT,Stacco da terra con pesi,KB,,False,QUADS,BILATERAL_QUAD,REPS,BP3uhdsMlS4,DEADLIFT_1,FULL_BODY
